Workbook

Sheet ÍNDICE
A1: Estimaciones de población por sexo, departamento y año calendario. Años 2022-2035
A2: Índice de cuadros
A4: ='02-CABA'!A1 -> Cuadro 1. Ciudad Autónoma de Buenos Aires. Población estimada al 1.° de julio de cada año calendario, por sexo, según comuna. Años 2022-2035 | J4: "
A5: ='06-BUENOS AIRES'!A1 -> Cuadro 2. Provincia de Buenos Aires. Población estimada al 1.° de julio de cada año calendario, por sexo, según partido. Años 2022-2035
A6: ='10-CATAMARCA'!A1 -> Cuadro 3. Provincia de Catamarca. Población estimada al 1.° de julio de cada año calendario, por sexo, según departamento. Años 2022-2035
A7: ='14-CÓRDOBA'!A1 -> Cuadro 4. Provincia de Córdoba. Población estimada al 1.° de julio de cada año calendario, por sexo, según departamento. Años 2022-2035
A8: ='18-CORRIENTES'!A1 -> Cuadro 5. Provincia de Corrientes. Población estimada al 1.° de julio de cada año calendario, por sexo, según departamento. Años 2022-2035
A9: ='22-CHACO'!A1 -> Cuadro 6. Provincia del Chaco. Población estimada al 1.° de julio de cada año calendario, por sexo, según departamento. Años 2022-2035
A10: ='26-CHUBUT'!A1 -> Cuadro 7. Provincia del Chubut. Población estimada al 1.° de julio de cada año calendario, por sexo, según departamento. Años 2022-2035
A11: ='30-ENTRE RÍOS'!A1 -> Cuadro 8. Provincia de Entre Ríos. Población estimada al 1.° de julio de cada año calendario, por sexo, según departamento. Años 2022-2035
A12: ='34-FORMOSA'!A1 -> Cuadro 9. Provincia de Formosa. Población estimada al 1.° de julio de cada año calendario, por sexo, según departamento. Años 2022-2035
A13: ='38-JUJUY'!A1 -> Cuadro 10. Provincia de Jujuy. Población estimada al 1.° de julio de cada año calendario, por sexo, según departamento. Años 2022-2035
A14: ='42-LA PAMPA'!A1 -> Cuadro 11. Provincia de La Pampa. Población estimada al 1.° de julio de cada año calendario, por sexo, según departamento. Años 2022-2035
A15: ='46-LA RIOJA'!A1 -> Cuadro 12. Provincia de La Rioja. Población estimada al 1.° de julio de cada año calendario, por sexo, según departamento. Años 2022-2035
A16: ='50-MENDOZA'!A1 -> Cuadro 13. Provincia de Mendoza. Población estimada al 1.° de julio de cada año calendario, por sexo, según departamento. Años 2022-2035
A17: ='54-MISIONES'!A1 -> Cuadro 14. Provincia de Misiones. Población estimada al 1.° de julio de cada año calendario, por sexo, según departamento. Años 2022-2035
A18: ='58-NEUQUÉN'!A1 -> Cuadro 15. Provincia del Neuquén. Población estimada al 1.° de julio de cada año calendario, por sexo, según departamento. Años 2022-2035
A19: ='62-RÍO NEGRO'!A1 -> Cuadro 16. Provincia de Río Negro. Población estimada al 1.° de julio de cada año calendario, por sexo, según departamento. Años 2022-2035
A20: ='66-SALTA'!A1 -> Cuadro 17. Provincia de Salta. Población estimada al 1.° de julio de cada año calendario, por sexo, según departamento. Años 2022-2035
A21: ='70-SAN JUAN'!A1 -> Cuadro 18. Provincia de San Juan. Población estimada al 1.° de julio de cada año calendario, por sexo, según departamento. Años 2022-2035
A22: ='74-SAN LUIS'!A1 -> Cuadro 19. Provincia de San Luis. Población estimada al 1.° de julio de cada año calendario, por sexo, según departamento. Años 2022-2035
A23: ='78-SANTA CRUZ'!A1 -> Cuadro 20. Provincia de Santa Cruz. Población estimada al 1.° de julio de cada año calendario, por sexo, según departamento. Años 2022-2035
A24: ='82-SANTA FE'!A1 -> Cuadro 21. Provincia de Santa Fe. Población estimada al 1.° de julio de cada año calendario, por sexo, según departamento. Años 2022-2035
A25: ='86-SANTIAGO DEL ESTERO'!A1 -> Cuadro 22. Provincia de Santiago del Estero. Población estimada al 1.° de julio de cada año calendario, por sexo, según departamento. Años 2022-2035
A26: ='90-TUCUMÁN'!A1 -> Cuadro 23. Provincia de Tucumán. Población estimada al 1.° de julio de cada año calendario, por sexo, según departamento. Años 2022-2035
A27: ='94-TIERRA DEL FUEGO'!A1 -> Cuadro 24. Provincia de Tierra del Fuego, Antártida e Islas del Atlántico Sur. Población estimada al 1.° de julio de cada año calendario, por sexo, según departamento. Años 2022-2035

Sheet 02-CABA
A1: Cuadro 1. Ciudad Autónoma de Buenos Aires. Población estimada al 1.° de julio de cada año calendario, por sexo, según comuna. Años 2022-2035
A2: Ambos sexos
A3: Código | B3: Comuna | C3: 2022 | D3: 2023 | E3: 2024 | F3: 2025 | G3: 2026 | H3: 2027 | I3: 2028 | J3: 2029 | K3: 2030 | L3: 2031 | M3: 2032 | N3: 2033 | O3: 2034 | P3: 2035
A4: 02007 | B4: Comuna 1 | C4: 250490 | D4: 250604 | E4: 250726 | F4: 250848 | G4: 250968 | H4: 251088 | I4: 251206 | J4: 251325 | K4: 251441 | L4: 251553 | M4: 251658 | N4: 251752 | O4: 251836 | P4: 251915
A5: 02014 | B5: Comuna 2 | C5: 154123 | D5: 153154 | E5: 152120 | F5: 151092 | G5: 150090 | H5: 149098 | I5: 148114 | J5: 147143 | K5: 146193 | L5: 145285 | M5: 144439 | N5: 143676 | O5: 143008 | P5: 142387
A6: 02021 | B6: Comuna 3 | C6: 190296 | D6: 188631 | E6: 186899 | F6: 185180 | G6: 183502 | H6: 181842 | I6: 180202 | J6: 178591 | K6: 177015 | L6: 175503 | M6: 174082 | N6: 172775 | O6: 171597 | P6: 170489
A7: 02028 | B7: Comuna 4 | C7: 244077 | D7: 242893 | E7: 241612 | F7: 240339 | G7: 239104 | H7: 237878 | I7: 236662 | J7: 235462 | K7: 234291 | L7: 233183 | M7: 232173 | N7: 231291 | O7: 230557 | P7: 229894
A8: 02035 | B8: Comuna 5 | C8: 189214 | D8: 188018 | E8: 186746 | F8: 185484 | G8: 184253 | H8: 183033 | I8: 181824 | J8: 180630 | K8: 179461 | L8: 178344 | M8: 177303 | N8: 176364 | O8: 175540 | P8: 174772
A9: 02042 | B9: Comuna 6 | C9: 186039 | D9: 184782 | E9: 183451 | F9: 182128 | G9: 180838 | H9: 179558 | I9: 178288 | J9: 177035 | K9: 175807 | L9: 174630 | M9: 173528 | N9: 172527 | O9: 171638 | P9: 170806
A10: 02049 | B10: Comuna 7 | C10: 249834 | D10: 248886 | E10: 247829 | F10: 246768 | G10: 245736 | H10: 244702 | I10: 243669 | J10: 242643 | K10: 241634 | L10: 240683 | M10: 239820 | N10: 239083 | O10: 238487 | P10: 237956
A11: 02056 | B11: Comuna 8 | C11: 232923 | D11: 233387 | E11: 233925 | F11: 234477 | G11: 235021 | H11: 235576 | I11: 236141 | J11: 236711 | K11: 237279 | L11: 237822 | M11: 238318 | N11: 238744 | O11: 239089 | P11: 239399
A12: 02063 | B12: Comuna 9 | C12: 167835 | D12: 166376 | E12: 164856 | F12: 163352 | G12: 161880 | H12: 160424 | I12: 158985 | J12: 157570 | K12: 156186 | L12: 154859 | M12: 153611 | N12: 152461 | O12: 151425 | P12: 150450
A13: 02070 | B13: Comuna 10 | C13: 170037 | D13: 168700 | E13: 167300 | F13: 165909 | G13: 164551 | H13: 163207 | I13: 161875 | J13: 160563 | K13: 159277 | L13: 158045 | M13: 156886 | N13: 155826 | O13: 154873 | P13: 153977
A14: 02077 | B14: Comuna 11 | C14: 195309 | D14: 194216 | E14: 193048 | F14: 191888 | G14: 190761 | H14: 189644 | I14: 188536 | J14: 187445 | K14: 186378 | L14: 185364 | M14: 184429 | N14: 183600 | O14: 182889 | P14: 182237
... A18: 02105 | B18: Comuna 15 | C18: 190629 | D18: 189796 | E18: 188883 | F18: 187973 | G18: 187091 | H18: 186212 | I18: 185338 | J18: 184476 | K18: 183632 | L18: 182835 | M18: 182111 | N18: 181487 | O18: 180975 | P18: 180518
A20: Varones
A21: Código | B21: Comuna | C21: 2022 | D21: 2023 | E21: 2024 | F21: 2025 | G21: 2026 | H21: 2027 | I21: 2028 | J21: 2029 | K21: 2030 | L21: 2031 | M21: 2032 | N21: 2033 | O21: 2034 | P21: 2035
A22: 02007 | B22: Comuna 1 | C22: 118999 | D22: 119056 | E22: 119113 | F22: 119169 | G22: 119224 | H22: 119280 | I22: 119335 | J22: 119390 | K22: 119444 | L22: 119495 | M22: 119543 | N22: 119585 | O22: 119622 | P22: 119656
A23: 02014 | B23: Comuna 2 | C23: 67101 | D23: 66632 | E23: 66169 | F23: 65718 | G23: 65275 | H23: 64832 | I23: 64394 | J23: 63963 | K23: 63543 | L23: 63144 | M23: 62777 | N23: 62450 | O23: 62169 | P23: 61912
A24: 02021 | B24: Comuna 3 | C24: 88846 | D24: 88182 | E24: 87528 | F24: 86889 | G24: 86263 | H24: 85637 | I24: 85019 | J24: 84412 | K24: 83820 | L24: 83258 | M24: 82740 | N24: 82277 | O24: 81876 | P24: 81507
A25: 02028 | B25: Comuna 4 | C25: 114404 | D25: 113923 | E25: 113451 | F25: 112998 | G25: 112557 | H25: 112112 | I25: 111673 | J25: 111242 | K25: 110826 | L25: 110444 | M25: 110113 | N25: 109849 | O25: 109661 | P25: 109510
A26: 02035 | B26: Comuna 5 | C26: 85992 | D26: 85542 | E26: 85099 | F26: 84671 | G26: 84253 | H26: 83833 | I26: 83418 | J26: 83010 | K26: 82614 | L26: 82244 | M26: 81912 | N26: 81631 | O26: 81407 | P26: 81211
A27: 02042 | B27: Comuna 6 | C27: 83833 | D27: 83352 | E27: 82879 | F27: 82420 | G27: 81971 | H27: 81520 | I27: 81073 | J27: 80634 | K27: 80207 | L27: 79805 | M27: 79441 | N27: 79126 | O27: 78866 | P27: 78634
A28: 02049 | B28: Comuna 7 | C28: 115606 | D28: 115273 | E28: 114945 | F28: 114629 | G28: 114320 | H28: 114001 | I28: 113682 | J28: 113366 | K28: 113059 | L28: 112782 | M28: 112551 | N28: 112384 | O28: 112289 | P28: 112228
A29: 02056 | B29: Comuna 8 | C29: 109211 | D29: 109328 | E29: 109448 | F29: 109567 | G29: 109687 | H29: 109820 | I29: 109957 | J29: 110099 | K29: 110240 | L29: 110369 | M29: 110474 | N29: 110545 | O29: 110576 | P29: 110590
A30: 02063 | B30: Comuna 9 | C30: 79741 | D30: 79109 | E30: 78485 | F30: 77878 | G30: 77282 | H30: 76688 | I30: 76102 | J30: 75527 | K30: 74968 | L30: 74438 | M30: 73949 | N30: 73510 | O30: 73129 | P30: 72779
A31: 02070 | B31: Comuna 10 | C31: 79585 | D31: 79089 | E31: 78600 | F31: 78124 | G31: 77658 | H31: 77191 | I31: 76728 | J31: 76273 | K31: 75828 | L31: 75409 | M31: 75025 | N31: 74689 | O31: 74405 | P31: 74147
A32: 02077 | B32: Comuna 11 | C32: 91581 | D32: 91155 | E32: 90737 | F32: 90334 | G32: 89942 | H32: 89547 | I32: 89157 | J32: 88774 | K32: 88404 | L32: 88062 | M32: 87760 | N32: 87513 | O32: 87326 | P32: 87170
... A36: 02105 | B36: Comuna 15 | C36: 88477 | D36: 88161 | E36: 87850 | F36: 87552 | G36: 87263 | H36: 86968 | I36: 86676 | J36: 86390 | K36: 86114 | L36: 85862 | M36: 85648 | N36: 85486 | O36: 85381 | P36: 85304
A38: Mujeres
A39: Código | B39: Comuna | C39: 2022 | D39: 2023 | E39: 2024 | F39: 2025 | G39: 2026 | H39: 2027 | I39: 2028 | J39: 2029 | K39: 2030 | L39: 2031 | M39: 2032 | N39: 2033 | O39: 2034 | P39: 2035
A40: 02007 | B40: Comuna 1 | C40: 131491 | D40: 131548 | E40: 131613 | F40: 131679 | G40: 131744 | H40: 131808 | I40: 131871 | J40: 131935 | K40: 131997 | L40: 132058 | M40: 132115 | N40: 132167 | O40: 132214 | P40: 132259
A41: 02014 | B41: Comuna 2 | C41: 87022 | D41: 86522 | E41: 85951 | F41: 85374 | G41: 84815 | H41: 84266 | I41: 83720 | J41: 83180 | K41: 82650 | L41: 82141 | M41: 81662 | N41: 81226 | O41: 80839 | P41: 80475
A42: 02021 | B42: Comuna 3 | C42: 101450 | D42: 100449 | E42: 99371 | F42: 98291 | G42: 97239 | H42: 96205 | I42: 95183 | J42: 94179 | K42: 93195 | L42: 92245 | M42: 91342 | N42: 90498 | O42: 89721 | P42: 88982
A43: 02028 | B43: Comuna 4 | C43: 129673 | D43: 128970 | E43: 128161 | F43: 127341 | G43: 126547 | H43: 125766 | I43: 124989 | J43: 124220 | K43: 123465 | L43: 122739 | M43: 122060 | N43: 121442 | O43: 120896 | P43: 120384
A44: 02035 | B44: Comuna 5 | C44: 103222 | D44: 102476 | E44: 101647 | F44: 100813 | G44: 100000 | H44: 99200 | I44: 98406 | J44: 97620 | K44: 96847 | L44: 96100 | M44: 95391 | N44: 94733 | O44: 94133 | P44: 93561
A45: 02042 | B45: Comuna 6 | C45: 102206 | D45: 101430 | E45: 100572 | F45: 99708 | G45: 98867 | H45: 98038 | I45: 97215 | J45: 96401 | K45: 95600 | L45: 94825 | M45: 94087 | N45: 93401 | O45: 92772 | P45: 92172
A46: 02049 | B46: Comuna 7 | C46: 134228 | D46: 133613 | E46: 132884 | F46: 132139 | G46: 131416 | H46: 130701 | I46: 129987 | J46: 129277 | K46: 128575 | L46: 127901 | M46: 127269 | N46: 126699 | O46: 126198 | P46: 125728
A47: 02056 | B47: Comuna 8 | C47: 123712 | D47: 124059 | E47: 124477 | F47: 124910 | G47: 125334 | H47: 125756 | I47: 126184 | J47: 126612 | K47: 127039 | L47: 127453 | M47: 127844 | N47: 128199 | O47: 128513 | P47: 128809
A48: 02063 | B48: Comuna 9 | C48: 88094 | D48: 87267 | E48: 86371 | F48: 85474 | G48: 84598 | H48: 83736 | I48: 82883 | J48: 82043 | K48: 81218 | L48: 80421 | M48: 79662 | N48: 78951 | O48: 78296 | P48: 77671
A49: 02070 | B49: Comuna 10 | C49: 90452 | D49: 89611 | E49: 88700 | F49: 87785 | G49: 86893 | H49: 86016 | I49: 85147 | J49: 84290 | K49: 83449 | L49: 82636 | M49: 81861 | N49: 81137 | O49: 80468 | P49: 79830
A50: 02077 | B50: Comuna 11 | C50: 103728 | D50: 103061 | E50: 102311 | F50: 101554 | G50: 100819 | H50: 100097 | I50: 99379 | J50: 98671 | K50: 97974 | L50: 97302 | M50: 96669 | N50: 96087 | O50: 95563 | P50: 95067
... A54: 02105 | B54: Comuna 15 | C54: 102152 | D54: 101635 | E54: 101033 | F54: 100421 | G54: 99828 | H54: 99244 | I54: 98662 | J54: 98086 | K54: 97518 | L54: 96973 | M54: 96463 | N54: 96001 | O54: 95594 | P54: 95214
A56: Fuente: INDEC, estimaciones elaboradas con base en el Censo Nacional de Población, Hogares y Viviendas 2022.

Sheet 06-BUENOS AIRES
A1: Cuadro 2. Provincia de Buenos Aires. Población estimada al 1.° de julio de cada año calendario, por sexo, según partido. Años 2022-2035
A2: Ambos sexos
A3: Código | B3: Partido | C3: 2022 | D3: 2023 | E3: 2024 | F3: 2025 | G3: 2026 | H3: 2027 | I3: 2028 | J3: 2029 | K3: 2030 | L3: 2031 | M3: 2032 | N3: 2033 | O3: 2034 | P3: 2035
A4: 39 partidos de la Región Metropolitana de Buenos Aires
A5: 06028 | B5: Almirante Brown | C5: 580807 | D5: 580907 | E5: 581046 | F5: 581174 | G5: 581277 | H5: 581356 | I5: 581420 | J5: 581479 | K5: 581548 | L5: 581639 | M5: 581749 | N5: 581880 | O5: 582027 | P5: 582194
A6: 06035 | B6: Avellaneda | C6: 364962 | D6: 365062 | E6: 365201 | F6: 365332 | G6: 365442 | H6: 365532 | I6: 365607 | J6: 365680 | K6: 365762 | L6: 365862 | M6: 365979 | N6: 366114 | O6: 366265 | P6: 366433
A7: 06091 | B7: Berazategui | C7: 356398 | D7: 356552 | E7: 356767 | F7: 356965 | G7: 357123 | H7: 357248 | I7: 357348 | J7: 357442 | K7: 357552 | L7: 357693 | M7: 357864 | N7: 358066 | O7: 358294 | P7: 358552
A8: 06098 | B8: Berisso | C8: 101167 | D8: 101233 | E8: 101324 | F8: 101408 | G8: 101478 | H8: 101532 | I8: 101576 | J8: 101617 | K8: 101665 | L8: 101727 | M8: 101801 | N8: 101887 | O8: 101985 | P8: 102094
A9: 06119 | B9: Brandsen | C9: 32544 | D9: 32577 | E9: 32625 | F9: 32669 | G9: 32705 | H9: 32733 | I9: 32755 | J9: 32777 | K9: 32801 | L9: 32832 | M9: 32871 | N9: 32915 | O9: 32966 | P9: 33022
A10: 06126 | B10: Campana | C10: 109289 | D10: 109368 | E10: 109479 | F10: 109581 | G10: 109664 | H10: 109731 | I10: 109785 | J10: 109837 | K10: 109896 | L10: 109970 | M10: 110060 | N10: 110164 | O10: 110282 | P10: 110415
A11: 06134 | B11: Cañuelas | C11: 71054 | D11: 71161 | E11: 71313 | F11: 71452 | G11: 71564 | H11: 71651 | I11: 71723 | J11: 71790 | K11: 71869 | L11: 71968 | M11: 72090 | N11: 72231 | O11: 72391 | P11: 72572
A12: 06245 | B12: Ensenada | C12: 64295 | D12: 64334 | E12: 64389 | F12: 64439 | G12: 64479 | H12: 64512 | I12: 64538 | J12: 64564 | K12: 64592 | L12: 64628 | M12: 64673 | N12: 64724 | O12: 64782 | P12: 64848
A13: 06252 | B13: Escobar | C13: 255854 | D13: 256081 | E13: 256398 | F13: 256692 | G13: 256929 | H13: 257118 | I13: 257272 | J13: 257416 | K13: 257584 | L13: 257795 | M13: 258053 | N13: 258351 | O13: 258689 | P13: 259069
A14: 06260 | B14: Esteban Echeverría | C14: 336371 | D14: 336556 | E14: 336814 | F14: 337051 | G14: 337241 | H14: 337389 | I14: 337507 | J14: 337617 | K14: 337747 | L14: 337916 | M14: 338121 | N14: 338361 | O14: 338635 | P14: 338943
A15: 06266 | B15: Exaltación de la Cruz | C15: 40008 | D15: 40066 | E15: 40146 | F15: 40220 | G15: 40280 | H15: 40326 | I15: 40364 | J15: 40400 | K15: 40442 | L15: 40495 | M15: 40560 | N15: 40634 | O15: 40720 | P15: 40816
A16: 06270 | B16: Ezeiza | C16: 200500 | D16: 200704 | E16: 200990 | F16: 201253 | G16: 201465 | H16: 201631 | I16: 201764 | J16: 201888 | K16: 202035 | L16: 202223 | M16: 202451 | N16: 202719 | O16: 203023 | P16: 203364
... A43: 06882 | B43: Zárate | C43: 131226 | D43: 131311 | E43: 131430 | F43: 131539 | G43: 131626 | H43: 131693 | I43: 131748 | J43: 131798 | K43: 131857 | L43: 131933 | M43: 132028 | N43: 132138 | O43: 132264 | P43: 132407
A44: Interior de la provincia de Buenos Aires
A45: 06007 | B45: Adolfo Alsina | C45: 17331 | D45: 17332 | E45: 17332 | F45: 17333 | G45: 17335 | H45: 17336 | I45: 17337 | J45: 17338 | K45: 17340 | L45: 17341 | M45: 17342 | N45: 17344 | O45: 17345 | P45: 17346
A46: 06014 | B46: Adolfo Gonzales Chaves | C46: 12869 | D46: 12872 | E46: 12877 | F46: 12882 | G46: 12886 | H46: 12888 | I46: 12891 | J46: 12894 | K46: 12897 | L46: 12900 | M46: 12903 | N46: 12908 | O46: 12914 | P46: 12920
A47: 06021 | B47: Alberti | C47: 12902 | D47: 12914 | E47: 12931 | F47: 12946 | G47: 12958 | H47: 12968 | I47: 12976 | J47: 12984 | K47: 12993 | L47: 13004 | M47: 13017 | N47: 13033 | O47: 13050 | P47: 13070
A48: 06042 | B48: Ayacucho | C48: 21836 | D48: 21842 | E48: 21851 | F48: 21860 | G48: 21868 | H48: 21873 | I48: 21878 | J48: 21882 | K48: 21888 | L48: 21895 | M48: 21902 | N48: 21911 | O48: 21921 | P48: 21932
A49: 06049 | B49: Azul | C49: 75465 | D49: 75518 | E49: 75592 | F49: 75662 | G49: 75718 | H49: 75763 | I49: 75800 | J49: 75834 | K49: 75874 | L49: 75925 | M49: 75986 | N49: 76057 | O49: 76135 | P49: 76226
A50: 06056 | B50: Bahía Blanca | C50: 335313 | D50: 335481 | E50: 335717 | F50: 335936 | G50: 336115 | H50: 336259 | I50: 336377 | J50: 336489 | K50: 336617 | L50: 336779 | M50: 336972 | N50: 337195 | O50: 337448 | P50: 337731
A51: 06063 | B51: Balcarce | C51: 48609 | D51: 48632 | E51: 48664 | F51: 48693 | G51: 48717 | H51: 48736 | I51: 48751 | J51: 48765 | K51: 48782 | L51: 48803 | M51: 48829 | N51: 48859 | O51: 48893 | P51: 48931
A52: 06070 | B52: Baradero | C52: 39291 | D52: 39327 | E52: 39376 | F52: 39420 | G52: 39456 | H52: 39484 | I52: 39508 | J52: 39529 | K52: 39554 | L52: 39587 | M52: 39626 | N52: 39671 | O52: 39723 | P52: 39781
A53: 06077 | B53: Arrecifes | C53: 31982 | D53: 31996 | E53: 32016 | F53: 32036 | G53: 32052 | H53: 32064 | I53: 32074 | J53: 32084 | K53: 32095 | L53: 32109 | M53: 32126 | N53: 32146 | O53: 32167 | P53: 32191
A54: 06084 | B54: Benito Juárez | C54: 22161 | D54: 22171 | E54: 22185 | F54: 22199 | G54: 22210 | H54: 22219 | I54: 22228 | J54: 22235 | K54: 22244 | L54: 22255 | M54: 22267 | N54: 22280 | O54: 22295 | P54: 22313
A55: 06105 | B55: Bolívar | C55: 36886 | D55: 36896 | E55: 36912 | F55: 36925 | G55: 36935 | H55: 36943 | I55: 36948 | J55: 36954 | K55: 36961 | L55: 36969 | M55: 36980 | N55: 36994 | O55: 37009 | P55: 37027
A56: 06112 | B56: Bragado | C56: 46181 | D56: 46206 | E56: 46240 | F56: 46272 | G56: 46298 | H56: 46318 | I56: 46335 | J56: 46352 | K56: 46370 | L56: 46394 | M56: 46423 | N56: 46455 | O56: 46491 | P56: 46532
... A140: 06875 | B140: Villarino | C140: 32643 | D140: 32650 | E140: 32660 | F140: 32669 | G140: 32677 | H140: 32684 | I140: 32689 | J140: 32694 | K140: 32700 | L140: 32708 | M140: 32715 | N140: 32726 | O140: 32737 | P140: 32748
A142: Varones
A143: Código | B143: Partido | C143: 2022 | D143: 2023 | E143: 2024 | F143: 2025 | G143: 2026 | H143: 2027 | I143: 2028 | J143: 2029 | K143: 2030 | L143: 2031 | M143: 2032 | N143: 2033 | O143: 2034 | P143: 2035
A144: 39 partidos de la Región Metropolitana de Buenos Aires
A145: 06028 | B145: Almirante Brown | C145: 285832 | D145: 285902 | E145: 285999 | F145: 286097 | G145: 286184 | H145: 286260 | I145: 286329 | J145: 286396 | K145: 286468 | L145: 286551 | M145: 286643 | N145: 286745 | O145: 286855 | P145: 286975
A146: 06035 | B146: Avellaneda | C146: 176473 | D146: 176555 | E146: 176667 | F146: 176779 | G146: 176879 | H146: 176967 | I146: 177046 | J146: 177124 | K146: 177207 | L146: 177302 | M146: 177408 | N146: 177525 | O146: 177653 | P146: 177791
A147: 06091 | B147: Berazategui | C147: 175628 | D147: 175739 | E147: 175891 | F147: 176045 | G147: 176180 | H147: 176300 | I147: 176408 | J147: 176514 | K147: 176627 | L147: 176757 | M147: 176901 | N147: 177061 | O147: 177234 | P147: 177423
A148: 06098 | B148: Berisso | C148: 49839 | D148: 49888 | E148: 49954 | F148: 50021 | G148: 50081 | H148: 50133 | I148: 50180 | J148: 50226 | K148: 50276 | L148: 50333 | M148: 50396 | N148: 50466 | O148: 50542 | P148: 50624
A149: 06119 | B149: Brandsen | C149: 16302 | D149: 16326 | E149: 16361 | F149: 16395 | G149: 16426 | H149: 16453 | I149: 16477 | J149: 16501 | K149: 16526 | L149: 16555 | M149: 16588 | N149: 16624 | O149: 16663 | P149: 16705
A150: 06126 | B150: Campana | C150: 55449 | D150: 55508 | E150: 55590 | F150: 55672 | G150: 55745 | H150: 55809 | I150: 55867 | J150: 55924 | K150: 55985 | L150: 56054 | M150: 56132 | N150: 56217 | O150: 56310 | P150: 56411
A151: 06134 | B151: Cañuelas | C151: 35767 | D151: 35845 | E151: 35954 | F151: 36063 | G151: 36160 | H151: 36244 | I151: 36321 | J151: 36396 | K151: 36477 | L151: 36569 | M151: 36672 | N151: 36786 | O151: 36909 | P151: 37043
A152: 06245 | B152: Ensenada | C152: 31934 | D152: 31963 | E152: 32003 | F152: 32043 | G152: 32078 | H152: 32110 | I152: 32138 | J152: 32166 | K152: 32195 | L152: 32229 | M152: 32267 | N152: 32309 | O152: 32354 | P152: 32404
A153: 06252 | B153: Escobar | C153: 128361 | D153: 128529 | E153: 128761 | F153: 128995 | G153: 129201 | H153: 129383 | I153: 129548 | J153: 129708 | K153: 129881 | L153: 130077 | M153: 130298 | N153: 130540 | O153: 130804 | P153: 131090
A154: 06260 | B154: Esteban Echeverría | C154: 166167 | D154: 166299 | E154: 166480 | F154: 166662 | G154: 166823 | H154: 166965 | I154: 167093 | J154: 167218 | K154: 167353 | L154: 167507 | M154: 167679 | N154: 167868 | O154: 168074 | P154: 168297
A155: 06266 | B155: Exaltación de la Cruz | C155: 20182 | D155: 20224 | E155: 20282 | F155: 20340 | G155: 20391 | H155: 20436 | I155: 20477 | J155: 20517 | K155: 20560 | L155: 20609 | M155: 20664 | N155: 20724 | O155: 20790 | P155: 20861
A156: 06270 | B156: Ezeiza | C156: 100562 | D156: 100709 | E156: 100912 | F156: 101116 | G156: 101297 | H156: 101456 | I156: 101600 | J156: 101740 | K156: 101892 | L156: 102064 | M156: 102256 | N156: 102469 | O156: 102700 | P156: 102950
... A183: 06882 | B183: Zárate | C183: 65450 | D183: 65510 | E183: 65593 | F183: 65676 | G183: 65749 | H183: 65814 | I183: 65873 | J183: 65930 | K183: 65991 | L183: 66061 | M183: 66140 | N183: 66226 | O183: 66320 | P183: 66422
A184: Interior de la provincia de Buenos Aires
A185: 06007 | B185: Adolfo Alsina | C185: 8794 | D185: 8796 | E185: 8797 | F185: 8799 | G185: 8801 | H185: 8802 | I185: 8803 | J185: 8804 | K185: 8806 | L185: 8807 | M185: 8809 | N185: 8811 | O185: 8813 | P185: 8815
A186: 06014 | B186: Adolfo Gonzales Chaves | C186: 6410 | D186: 6412 | E186: 6416 | F186: 6420 | G186: 6424 | H186: 6426 | I186: 6429 | J186: 6432 | K186: 6435 | L186: 6438 | M186: 6441 | N186: 6445 | O186: 6450 | P186: 6455
A187: 06021 | B187: Alberti | C187: 6355 | D187: 6364 | E187: 6376 | F187: 6388 | G187: 6398 | H187: 6408 | I187: 6416 | J187: 6425 | K187: 6434 | L187: 6444 | M187: 6455 | N187: 6468 | O187: 6481 | P187: 6496
A188: 06042 | B188: Ayacucho | C188: 10868 | D188: 10873 | E188: 10880 | F188: 10887 | G188: 10894 | H188: 10899 | I188: 10904 | J188: 10909 | K188: 10915 | L188: 10921 | M188: 10927 | N188: 10935 | O188: 10943 | P188: 10951
A189: 06049 | B189: Azul | C189: 37264 | D189: 37304 | E189: 37359 | F189: 37415 | G189: 37464 | H189: 37508 | I189: 37547 | J189: 37585 | K189: 37626 | L189: 37673 | M189: 37726 | N189: 37784 | O189: 37846 | P189: 37915
A190: 06056 | B190: Bahía Blanca | C190: 163901 | D190: 164029 | E190: 164207 | F190: 164385 | G190: 164543 | H190: 164682 | I190: 164808 | J190: 164930 | K190: 165062 | L190: 165213 | M190: 165381 | N190: 165566 | O190: 165768 | P190: 165987
A191: 06063 | B191: Balcarce | C191: 24087 | D191: 24103 | E191: 24126 | F191: 24149 | G191: 24170 | H191: 24188 | I191: 24204 | J191: 24220 | K191: 24237 | L191: 24257 | M191: 24279 | N191: 24303 | O191: 24329 | P191: 24357
A192: 06070 | B192: Baradero | C192: 19589 | D192: 19615 | E192: 19650 | F192: 19685 | G192: 19716 | H192: 19743 | I192: 19768 | J192: 19792 | K192: 19818 | L192: 19848 | M192: 19881 | N192: 19917 | O192: 19957 | P192: 20000
A193: 06077 | B193: Arrecifes | C193: 15671 | D193: 15682 | E193: 15697 | F193: 15713 | G193: 15727 | H193: 15739 | I193: 15750 | J193: 15760 | K193: 15772 | L193: 15785 | M193: 15800 | N193: 15816 | O193: 15833 | P193: 15852
A194: 06084 | B194: Benito Juárez | C194: 11538 | D194: 11546 | E194: 11558 | F194: 11570 | G194: 11580 | H194: 11589 | I194: 11598 | J194: 11606 | K194: 11615 | L194: 11625 | M194: 11636 | N194: 11648 | O194: 11661 | P194: 11676
A195: 06105 | B195: Bolívar | C195: 18073 | D195: 18079 | E195: 18089 | F195: 18098 | G195: 18106 | H195: 18113 | I195: 18119 | J195: 18126 | K195: 18133 | L195: 18140 | M195: 18149 | N195: 18159 | O195: 18169 | P195: 18180
A196: 06112 | B196: Bragado | C196: 22811 | D196: 22830 | E196: 22856 | F196: 22882 | G196: 22905 | H196: 22925 | I196: 22943 | J196: 22961 | K196: 22980 | L196: 23002 | M196: 23027 | N196: 23054 | O196: 23083 | P196: 23115
... A280: 06875 | B280: Villarino | C280: 16741 | D280: 16746 | E280: 16754 | F280: 16762 | G280: 16769 | H280: 16776 | I280: 16781 | J280: 16787 | K280: 16793 | L280: 16800 | M280: 16807 | N280: 16816 | O280: 16825 | P280: 16834
A282: Mujeres
A283: Código | B283: Partido | C283: 2022 | D283: 2023 | E283: 2024 | F283: 2025 | G283: 2026 | H283: 2027 | I283: 2028 | J283: 2029 | K283: 2030 | L283: 2031 | M283: 2032 | N283: 2033 | O283: 2034 | P283: 2035
A284: 39 partidos de la Región Metropolitana de Buenos Aires
A285: 06028 | B285: Almirante Brown | C285: 294975 | D285: 295005 | E285: 295047 | F285: 295077 | G285: 295093 | H285: 295096 | I285: 295091 | J285: 295083 | K285: 295080 | L285: 295088 | M285: 295106 | N285: 295135 | O285: 295172 | P285: 295219
A286: 06035 | B286: Avellaneda | C286: 188489 | D286: 188507 | E286: 188534 | F286: 188553 | G286: 188563 | H286: 188565 | I286: 188561 | J286: 188556 | K286: 188555 | L286: 188560 | M286: 188571 | N286: 188589 | O286: 188612 | P286: 188642
A287: 06091 | B287: Berazategui | C287: 180770 | D287: 180813 | E287: 180876 | F287: 180920 | G287: 180943 | H287: 180948 | I287: 180940 | J287: 180928 | K287: 180925 | L287: 180936 | M287: 180963 | N287: 181005 | O287: 181060 | P287: 181129
A288: 06098 | B288: Berisso | C288: 51328 | D288: 51345 | E288: 51370 | F288: 51387 | G288: 51397 | H288: 51399 | I288: 51396 | J288: 51391 | K288: 51389 | L288: 51394 | M288: 51405 | N288: 51421 | O288: 51443 | P288: 51470
A289: 06119 | B289: Brandsen | C289: 16242 | D289: 16251 | E289: 16264 | F289: 16274 | G289: 16279 | H289: 16280 | I289: 16278 | J289: 16276 | K289: 16275 | L289: 16277 | M289: 16283 | N289: 16291 | O289: 16303 | P289: 16317
A290: 06126 | B290: Campana | C290: 53840 | D290: 53860 | E290: 53889 | F290: 53909 | G290: 53919 | H290: 53922 | I290: 53918 | J290: 53913 | K290: 53911 | L290: 53916 | M290: 53928 | N290: 53947 | O290: 53972 | P290: 54004
A291: 06134 | B291: Cañuelas | C291: 35287 | D291: 35316 | E291: 35359 | F291: 35389 | G291: 35404 | H291: 35407 | I291: 35402 | J291: 35394 | K291: 35392 | L291: 35399 | M291: 35418 | N291: 35445 | O291: 35482 | P291: 35529
A292: 06245 | B292: Ensenada | C292: 32361 | D292: 32371 | E292: 32386 | F292: 32396 | G292: 32401 | H292: 32402 | I292: 32400 | J292: 32398 | K292: 32397 | L292: 32399 | M292: 32406 | N292: 32415 | O292: 32428 | P292: 32444
A293: 06252 | B293: Escobar | C293: 127493 | D293: 127552 | E293: 127637 | F293: 127697 | G293: 127728 | H293: 127735 | I293: 127724 | J293: 127708 | K293: 127703 | L293: 127718 | M293: 127755 | N293: 127811 | O293: 127885 | P293: 127979
A294: 06260 | B294: Esteban Echeverría | C294: 170204 | D294: 170257 | E294: 170334 | F294: 170389 | G294: 170418 | H294: 170424 | I294: 170414 | J294: 170399 | K294: 170394 | L294: 170409 | M294: 170442 | N294: 170493 | O294: 170561 | P294: 170646
A295: 06266 | B295: Exaltación de la Cruz | C295: 19826 | D295: 19842 | E295: 19864 | F295: 19880 | G295: 19889 | H295: 19890 | I295: 19887 | J295: 19883 | K295: 19882 | L295: 19886 | M295: 19896 | N295: 19910 | O295: 19930 | P295: 19955
A296: 06270 | B296: Ezeiza | C296: 99938 | D296: 99995 | E296: 100078 | F296: 100137 | G296: 100168 | H296: 100175 | I296: 100164 | J296: 100148 | K296: 100143 | L296: 100159 | M296: 100195 | N296: 100250 | O296: 100323 | P296: 100414
... A323: 06882 | B323: Zárate | C323: 65776 | D323: 65801 | E323: 65837 | F323: 65863 | G323: 65877 | H323: 65879 | I323: 65875 | J323: 65868 | K323: 65866 | L323: 65872 | M323: 65888 | N323: 65912 | O323: 65944 | P323: 65985
A324: Interior de la provincia de Buenos Aires
A325: 06007 | B325: Adolfo Alsina | C325: 8537 | D325: 8536 | E325: 8535 | F325: 8534 | G325: 8534 | H325: 8534 | I325: 8534 | J325: 8534 | K325: 8534 | L325: 8534 | M325: 8533 | N325: 8533 | O325: 8532 | P325: 8531
A326: 06014 | B326: Adolfo Gonzales Chaves | C326: 6459 | D326: 6460 | E326: 6461 | F326: 6462 | G326: 6462 | H326: 6462 | I326: 6462 | J326: 6462 | K326: 6462 | L326: 6462 | M326: 6462 | N326: 6463 | O326: 6464 | P326: 6465
A327: 06021 | B327: Alberti | C327: 6547 | D327: 6550 | E327: 6555 | F327: 6558 | G327: 6560 | H327: 6560 | I327: 6560 | J327: 6559 | K327: 6559 | L327: 6560 | M327: 6562 | N327: 6565 | O327: 6569 | P327: 6574
A328: 06042 | B328: Ayacucho | C328: 10968 | D328: 10969 | E328: 10971 | F328: 10973 | G328: 10974 | H328: 10974 | I328: 10974 | J328: 10973 | K328: 10973 | L328: 10974 | M328: 10975 | N328: 10976 | O328: 10978 | P328: 10981
A329: 06049 | B329: Azul | C329: 38201 | D329: 38214 | E329: 38233 | F329: 38247 | G329: 38254 | H329: 38255 | I329: 38253 | J329: 38249 | K329: 38248 | L329: 38252 | M329: 38260 | N329: 38273 | O329: 38289 | P329: 38311
A330: 06056 | B330: Bahía Blanca | C330: 171412 | D330: 171452 | E330: 171510 | F330: 171551 | G330: 171572 | H330: 171577 | I330: 171569 | J330: 171559 | K330: 171555 | L330: 171566 | M330: 171591 | N330: 171629 | O330: 171680 | P330: 171744
A331: 06063 | B331: Balcarce | C331: 24522 | D331: 24529 | E331: 24538 | F331: 24544 | G331: 24547 | H331: 24548 | I331: 24547 | J331: 24545 | K331: 24545 | L331: 24546 | M331: 24550 | N331: 24556 | O331: 24564 | P331: 24574
A332: 06070 | B332: Baradero | C332: 19702 | D332: 19712 | E332: 19726 | F332: 19735 | G332: 19740 | H332: 19741 | I332: 19740 | J332: 19737 | K332: 19736 | L332: 19739 | M332: 19745 | N332: 19754 | O332: 19766 | P332: 19781
A333: 06077 | B333: Arrecifes | C333: 16311 | D333: 16314 | E333: 16319 | F333: 16323 | G333: 16325 | H333: 16325 | I333: 16324 | J333: 16324 | K333: 16323 | L333: 16324 | M333: 16326 | N333: 16330 | O333: 16334 | P333: 16339
A334: 06084 | B334: Benito Juárez | C334: 10623 | D334: 10625 | E334: 10627 | F334: 10629 | G334: 10630 | H334: 10630 | I334: 10630 | J334: 10629 | K334: 10629 | L334: 10630 | M334: 10631 | N334: 10632 | O334: 10634 | P334: 10637
A335: 06105 | B335: Bolívar | C335: 18813 | D335: 18817 | E335: 18823 | F335: 18827 | G335: 18829 | H335: 18830 | I335: 18829 | J335: 18828 | K335: 18828 | L335: 18829 | M335: 18831 | N335: 18835 | O335: 18840 | P335: 18847
A336: 06112 | B336: Bragado | C336: 23370 | D336: 23376 | E336: 23384 | F336: 23390 | G336: 23393 | H336: 23393 | I336: 23392 | J336: 23391 | K336: 23390 | L336: 23392 | M336: 23396 | N336: 23401 | O336: 23408 | P336: 23417
... A420: 06875 | B420: Villarino | C420: 15902 | D420: 15904 | E420: 15906 | F420: 15907 | G420: 15908 | H420: 15908 | I420: 15908 | J420: 15907 | K420: 15907 | L420: 15908 | M420: 15908 | N420: 15910 | O420: 15912 | P420: 15914
A421: Nota: la Región Metropolitana Buenos Aires es el territorio conformado por la Ciudad Autónoma de Buenos Aires y 39 partidos de la provincia de Buenos Aires (Almirante Brown, Avellaneda, Berazategui, Berisso, Brandsen, Campana, Cañuelas, Ensenada, Escobar, Esteban Echeverría, Exaltación de la Cruz, Ezeiza, Florencio Varela, General Rodríguez, General San Martín, Hurlingham, Ituzaingó, José C. Paz, La Matanza, Lanús, La Plata, Lomas de Zamora, Luján, Malvinas Argentinas, Marcos Paz, Merlo, Moreno, Morón, Pilar, Presidente Perón, Quilmes, San Fernando, San Isidro, San Miguel, San Vicente, Tigre, Tres de Febrero, Vicente López y Zárate). Esta delimitación territorial se realizó con base en los antecedentes históricos del INDEC, que utilizó el criterio de continuidad física para determinar el aglomerado urbano, considerando las distancias entre los bordes de las áreas edificadas y no edificadas –distantes a menos de 1.500 metros– y que conforman un continuo urbano o “mancha urbana”. En forma complementaria, se utilizó el criterio de división político-administrativa para determinar la inclusión de los partidos que son abarcados por dicho continuo urbano, sea en forma total o parcial.
A422: Fuente: INDEC, estimaciones elaboradas con base en el Censo Nacional de Población, Hogares y Viviendas 2022.

Sheet 10-CATAMARCA
A1: Cuadro 3. Provincia de Catamarca. Población estimada al 1.° de julio de cada año calendario, por sexo, según departamento. Años 2022-2035
A2: Ambos sexos
A3: Código | B3: Departamento | C3: 2022 | D3: 2023 | E3: 2024 | F3: 2025 | G3: 2026 | H3: 2027 | I3: 2028 | J3: 2029 | K3: 2030 | L3: 2031 | M3: 2032 | N3: 2033 | O3: 2034 | P3: 2035
A4: 10007 | B4: Ambato | C4: 5195 | D4: 5208 | E4: 5222 | F4: 5237 | G4: 5252 | H4: 5266 | I4: 5280 | J4: 5294 | K4: 5307 | L4: 5319 | M4: 5332 | N4: 5345 | O4: 5357 | P4: 5369
A5: 10014 | B5: Ancasti | C5: 3349 | D5: 3356 | E5: 3364 | F5: 3372 | G5: 3379 | H5: 3388 | I5: 3394 | J5: 3401 | K5: 3408 | L5: 3415 | M5: 3422 | N5: 3429 | O5: 3435 | P5: 3442
A6: 10021 | B6: Andalgalá | C6: 19919 | D6: 19938 | E6: 19959 | F6: 19981 | G6: 20003 | H6: 20023 | I6: 20043 | J6: 20062 | K6: 20082 | L6: 20100 | M6: 20119 | N6: 20137 | O6: 20155 | P6: 20173
A7: 10028 | B7: Antofagasta de la Sierra | C7: 2052 | D7: 2068 | E7: 2085 | F7: 2103 | G7: 2121 | H7: 2137 | I7: 2154 | J7: 2170 | K7: 2185 | L7: 2201 | M7: 2217 | N7: 2231 | O7: 2247 | P7: 2261
A8: 10035 | B8: Belén | C8: 30942 | D8: 30982 | E8: 31024 | F8: 31073 | G8: 31118 | H8: 31163 | I8: 31207 | J8: 31248 | K8: 31290 | L8: 31330 | M8: 31370 | N8: 31412 | O8: 31450 | P8: 31489
A9: 10042 | B9: Capayán | C9: 20144 | D9: 20237 | E9: 20337 | F9: 20442 | G9: 20545 | H9: 20644 | I9: 20740 | J9: 20833 | K9: 20926 | L9: 21016 | M9: 21106 | N9: 21196 | O9: 21282 | P9: 21368
A10: 10049 | B10: Capital | C10: 189112 | D10: 189709 | E10: 190350 | F10: 191024 | G10: 191684 | H10: 192316 | I10: 192930 | J10: 193525 | K10: 194117 | L10: 194695 | M10: 195271 | N10: 195847 | O10: 196401 | P10: 196948
A11: 10056 | B11: El Alto | C11: 4431 | D11: 4450 | E11: 4470 | F11: 4493 | G11: 4513 | H11: 4534 | I11: 4554 | J11: 4574 | K11: 4592 | L11: 4610 | M11: 4630 | N11: 4648 | O11: 4667 | P11: 4683
A12: 10063 | B12: Fray Mamerto Esquiú | C12: 14806 | D12: 14872 | E12: 14943 | F12: 15018 | G12: 15091 | H12: 15160 | I12: 15229 | J12: 15295 | K12: 15360 | L12: 15424 | M12: 15488 | N12: 15552 | O12: 15613 | P12: 15674
A13: 10070 | B13: La Paz | C13: 26696 | D13: 26776 | E13: 26860 | F13: 26951 | G13: 27040 | H13: 27125 | I13: 27208 | J13: 27288 | K13: 27367 | L13: 27444 | M13: 27522 | N13: 27599 | O13: 27674 | P13: 27748
A14: 10077 | B14: Paclín | C14: 4787 | D14: 4797 | E14: 4807 | F14: 4818 | G14: 4829 | H14: 4839 | I14: 4850 | J14: 4860 | K14: 4869 | L14: 4879 | M14: 4889 | N14: 4898 | O14: 4907 | P14: 4916
... A19: 10112 | B19: Valle Viejo | C19: 34443 | D19: 34612 | E19: 34793 | F19: 34984 | G19: 35170 | H19: 35349 | I19: 35521 | J19: 35689 | K19: 35856 | L19: 36020 | M19: 36182 | N19: 36345 | O19: 36501 | P19: 36655
A21: Varones
A22: Código | B22: Departamento | C22: 2022 | D22: 2023 | E22: 2024 | F22: 2025 | G22: 2026 | H22: 2027 | I22: 2028 | J22: 2029 | K22: 2030 | L22: 2031 | M22: 2032 | N22: 2033 | O22: 2034 | P22: 2035
A23: 10007 | B23: Ambato | C23: 2691 | D23: 2697 | E23: 2703 | F23: 2709 | G23: 2715 | H23: 2721 | I23: 2727 | J23: 2733 | K23: 2738 | L23: 2743 | M23: 2748 | N23: 2754 | O23: 2759 | P23: 2764
A24: 10014 | B24: Ancasti | C24: 1821 | D24: 1825 | E24: 1830 | F24: 1834 | G24: 1838 | H24: 1843 | I24: 1846 | J24: 1850 | K24: 1854 | L24: 1858 | M24: 1862 | N24: 1866 | O24: 1869 | P24: 1873
A25: 10021 | B25: Andalgalá | C25: 10136 | D25: 10146 | E25: 10157 | F25: 10168 | G25: 10179 | H25: 10189 | I25: 10199 | J25: 10208 | K25: 10218 | L25: 10227 | M25: 10236 | N25: 10245 | O25: 10254 | P25: 10263
A26: 10028 | B26: Antofagasta de la Sierra | C26: 1154 | D26: 1163 | E26: 1172 | F26: 1181 | G26: 1190 | H26: 1198 | I26: 1206 | J26: 1214 | K26: 1222 | L26: 1230 | M26: 1238 | N26: 1245 | O26: 1253 | P26: 1260
A27: 10035 | B27: Belén | C27: 15537 | D27: 15544 | E27: 15551 | F27: 15559 | G27: 15566 | H27: 15573 | I27: 15580 | J27: 15586 | K27: 15593 | L27: 15599 | M27: 15605 | N27: 15612 | O27: 15618 | P27: 15624
A28: 10042 | B28: Capayán | C28: 10521 | D28: 10568 | E28: 10619 | F28: 10668 | G28: 10717 | H28: 10763 | I28: 10808 | J28: 10852 | K28: 10896 | L28: 10938 | M28: 10981 | N28: 11023 | O28: 11064 | P28: 11104
A29: 10049 | B29: Capital | C29: 92784 | D29: 93108 | E29: 93455 | F29: 93795 | G29: 94131 | H29: 94448 | I29: 94759 | J29: 95060 | K29: 95360 | L29: 95653 | M29: 95946 | N29: 96238 | O29: 96520 | P29: 96797
A30: 10056 | B30: El Alto | C30: 2306 | D30: 2314 | E30: 2323 | F30: 2332 | G30: 2340 | H30: 2348 | I30: 2356 | J30: 2364 | K30: 2371 | L30: 2378 | M30: 2386 | N30: 2393 | O30: 2401 | P30: 2407
A31: 10063 | B31: Fray Mamerto Esquiú | C31: 7486 | D31: 7521 | E31: 7559 | F31: 7596 | G31: 7632 | H31: 7666 | I31: 7700 | J31: 7733 | K31: 7765 | L31: 7797 | M31: 7829 | N31: 7860 | O31: 7891 | P31: 7921
A32: 10070 | B32: La Paz | C32: 13507 | D32: 13543 | E32: 13581 | F32: 13619 | G32: 13656 | H32: 13691 | I32: 13726 | J32: 13759 | K32: 13792 | L32: 13824 | M32: 13857 | N32: 13889 | O32: 13920 | P32: 13951
A33: 10077 | B33: Paclín | C33: 2512 | D33: 2516 | E33: 2519 | F33: 2523 | G33: 2527 | H33: 2530 | I33: 2534 | J33: 2537 | K33: 2540 | L33: 2543 | M33: 2547 | N33: 2550 | O33: 2553 | P33: 2556
... A38: 10112 | B38: Valle Viejo | C38: 17281 | D38: 17373 | E38: 17473 | F38: 17570 | G38: 17666 | H38: 17757 | I38: 17845 | J38: 17931 | K38: 18017 | L38: 18101 | M38: 18184 | N38: 18268 | O38: 18348 | P38: 18427
A40: Mujeres
A41: Código | B41: Departamento | C41: 2022 | D41: 2023 | E41: 2024 | F41: 2025 | G41: 2026 | H41: 2027 | I41: 2028 | J41: 2029 | K41: 2030 | L41: 2031 | M41: 2032 | N41: 2033 | O41: 2034 | P41: 2035
A42: 10007 | B42: Ambato | C42: 2504 | D42: 2511 | E42: 2519 | F42: 2528 | G42: 2537 | H42: 2545 | I42: 2553 | J42: 2561 | K42: 2569 | L42: 2576 | M42: 2584 | N42: 2591 | O42: 2598 | P42: 2605
A43: 10014 | B43: Ancasti | C43: 1528 | D43: 1531 | E43: 1534 | F43: 1538 | G43: 1541 | H43: 1545 | I43: 1548 | J43: 1551 | K43: 1554 | L43: 1557 | M43: 1560 | N43: 1563 | O43: 1566 | P43: 1569
A44: 10021 | B44: Andalgalá | C44: 9783 | D44: 9792 | E44: 9802 | F44: 9813 | G44: 9824 | H44: 9834 | I44: 9844 | J44: 9854 | K44: 9864 | L44: 9873 | M44: 9883 | N44: 9892 | O44: 9901 | P44: 9910
A45: 10028 | B45: Antofagasta de la Sierra | C45: 898 | D45: 905 | E45: 913 | F45: 922 | G45: 931 | H45: 939 | I45: 948 | J45: 956 | K45: 963 | L45: 971 | M45: 979 | N45: 986 | O45: 994 | P45: 1001
A46: 10035 | B46: Belén | C46: 15405 | D46: 15438 | E46: 15473 | F46: 15514 | G46: 15552 | H46: 15590 | I46: 15627 | J46: 15662 | K46: 15697 | L46: 15731 | M46: 15765 | N46: 15800 | O46: 15832 | P46: 15865
A47: 10042 | B47: Capayán | C47: 9623 | D47: 9669 | E47: 9718 | F47: 9774 | G47: 9828 | H47: 9881 | I47: 9932 | J47: 9981 | K47: 10030 | L47: 10078 | M47: 10125 | N47: 10173 | O47: 10218 | P47: 10264
A48: 10049 | B48: Capital | C48: 96328 | D48: 96601 | E48: 96895 | F48: 97229 | G48: 97553 | H48: 97868 | I48: 98171 | J48: 98465 | K48: 98757 | L48: 99042 | M48: 99325 | N48: 99609 | O48: 99881 | P48: 100151
A49: 10056 | B49: El Alto | C49: 2125 | D49: 2136 | E49: 2147 | F49: 2161 | G49: 2173 | H49: 2186 | I49: 2198 | J49: 2210 | K49: 2221 | L49: 2232 | M49: 2244 | N49: 2255 | O49: 2266 | P49: 2276
A50: 10063 | B50: Fray Mamerto Esquiú | C50: 7320 | D50: 7351 | E50: 7384 | F50: 7422 | G50: 7459 | H50: 7494 | I50: 7529 | J50: 7562 | K50: 7595 | L50: 7627 | M50: 7659 | N50: 7692 | O50: 7722 | P50: 7753
A51: 10070 | B51: La Paz | C51: 13189 | D51: 13233 | E51: 13279 | F51: 13332 | G51: 13384 | H51: 13434 | I51: 13482 | J51: 13529 | K51: 13575 | L51: 13620 | M51: 13665 | N51: 13710 | O51: 13754 | P51: 13797
A52: 10077 | B52: Paclín | C52: 2275 | D52: 2281 | E52: 2288 | F52: 2295 | G52: 2302 | H52: 2309 | I52: 2316 | J52: 2323 | K52: 2329 | L52: 2336 | M52: 2342 | N52: 2348 | O52: 2354 | P52: 2360
... A57: 10112 | B57: Valle Viejo | C57: 17162 | D57: 17239 | E57: 17320 | F57: 17414 | G57: 17504 | H57: 17592 | I57: 17676 | J57: 17758 | K57: 17839 | L57: 17919 | M57: 17998 | N57: 18077 | O57: 18153 | P57: 18228
A59: Fuente: INDEC, estimaciones elaboradas con base en el Censo Nacional de Población, Hogares y Viviendas 2022.

Sheet 14-CÓRDOBA
A1: Cuadro 4. Provincia de Córdoba. Población estimada al 1.° de julio de cada año calendario, por sexo, según departamento. Años 2022-2035
A2: Ambos sexos
A3: Código | B3: Departamento | C3: 2022 | D3: 2023 | E3: 2024 | F3: 2025 | G3: 2026 | H3: 2027 | I3: 2028 | J3: 2029 | K3: 2030 | L3: 2031 | M3: 2032 | N3: 2033 | O3: 2034 | P3: 2035
A4: 14007 | B4: Calamuchita | C4: 77568 | D4: 78136 | E4: 78730 | F4: 79298 | G4: 79840 | H4: 80356 | I4: 80850 | J4: 81327 | K4: 81802 | L4: 82284 | M4: 82773 | N4: 83265 | O4: 83761 | P4: 84259
A5: 14014 | B5: Capital | C5: 1537085 | D5: 1540015 | E5: 1543077 | F5: 1546009 | G5: 1548809 | H5: 1551469 | I5: 1554016 | J5: 1556479 | K5: 1558936 | L5: 1561424 | M5: 1563946 | N5: 1566489 | O5: 1569046 | P5: 1571625
A6: 14021 | B6: Colón | C6: 302112 | D6: 303930 | E6: 305830 | F6: 307650 | G6: 309386 | H6: 311036 | I6: 312615 | J6: 314143 | K6: 315666 | L6: 317209 | M6: 318773 | N6: 320350 | O6: 321935 | P6: 323532
A7: 14028 | B7: Cruz del Eje | C7: 68592 | D7: 68795 | E7: 69006 | F7: 69209 | G7: 69403 | H7: 69587 | I7: 69764 | J7: 69936 | K7: 70107 | L7: 70279 | M7: 70455 | N7: 70633 | O7: 70811 | P7: 70991
A8: 14035 | B8: General Roca | C8: 37043 | D8: 37016 | E8: 36987 | F8: 36960 | G8: 36934 | H8: 36910 | I8: 36885 | J8: 36864 | K8: 36841 | L8: 36818 | M8: 36794 | N8: 36771 | O8: 36748 | P8: 36724
A9: 14042 | B9: General San Martín | C9: 157598 | D9: 158263 | E9: 158958 | F9: 159623 | G9: 160258 | H9: 160862 | I9: 161439 | J9: 161998 | K9: 162556 | L9: 163121 | M9: 163692 | N9: 164270 | O9: 164850 | P9: 165436
A10: 14049 | B10: Ischilín | C10: 36850 | D10: 36929 | E10: 37011 | F10: 37090 | G10: 37165 | H10: 37237 | I10: 37305 | J10: 37372 | K10: 37437 | L10: 37504 | M10: 37573 | N10: 37641 | O10: 37710 | P10: 37779
A11: 14056 | B11: Juárez Celman | C11: 70128 | D11: 70303 | E11: 70485 | F11: 70659 | G11: 70825 | H11: 70983 | I11: 71135 | J11: 71281 | K11: 71428 | L11: 71575 | M11: 71725 | N11: 71876 | O11: 72029 | P11: 72182
A12: 14063 | B12: Marcos Juárez | C12: 110091 | D12: 110071 | E12: 110049 | F12: 110027 | G12: 110008 | H12: 109990 | I12: 109972 | J12: 109956 | K12: 109939 | L12: 109921 | M12: 109905 | N12: 109887 | O12: 109870 | P12: 109853
A13: 14070 | B13: Minas | C13: 4978 | D13: 4972 | E13: 4967 | F13: 4961 | G13: 4956 | H13: 4951 | I13: 4946 | J13: 4941 | K13: 4937 | L13: 4932 | M13: 4927 | N13: 4922 | O13: 4917 | P13: 4913
A14: 14077 | B14: Pocho | C14: 5237 | D14: 5223 | E14: 5210 | F14: 5197 | G14: 5184 | H14: 5172 | I14: 5160 | J14: 5149 | K14: 5138 | L14: 5126 | M14: 5115 | N14: 5104 | O14: 5093 | P14: 5080
... A29: 14182 | B29: Unión | C29: 117065 | D29: 117200 | E29: 117340 | F29: 117475 | G29: 117606 | H29: 117728 | I29: 117846 | J29: 117959 | K29: 118073 | L29: 118188 | M29: 118304 | N29: 118423 | O29: 118541 | P29: 118661
A31: Varones
A32: Código | B32: Departamento | C32: 2022 | D32: 2023 | E32: 2024 | F32: 2025 | G32: 2026 | H32: 2027 | I32: 2028 | J32: 2029 | K32: 2030 | L32: 2031 | M32: 2032 | N32: 2033 | O32: 2034 | P32: 2035
A33: 14007 | B33: Calamuchita | C33: 38962 | D33: 39252 | E33: 39552 | F33: 39845 | G33: 40127 | H33: 40397 | I33: 40658 | J33: 40911 | K33: 41164 | L33: 41421 | M33: 41683 | N33: 41947 | O33: 42213 | P33: 42481
A34: 14014 | B34: Capital | C34: 743340 | D34: 744866 | E34: 746442 | F34: 747981 | G34: 749463 | H34: 750883 | I34: 752250 | J34: 753580 | K34: 754912 | L34: 756263 | M34: 757636 | N34: 759024 | O34: 760420 | P34: 761832
A35: 14021 | B35: Colón | C35: 149618 | D35: 150550 | E35: 151513 | F35: 152454 | G35: 153359 | H35: 154227 | I35: 155062 | J35: 155875 | K35: 156688 | L35: 157514 | M35: 158353 | N35: 159201 | O35: 160054 | P35: 160916
A36: 14028 | B36: Cruz del Eje | C36: 34921 | D36: 35046 | E36: 35175 | F36: 35301 | G36: 35422 | H36: 35538 | I36: 35650 | J36: 35759 | K36: 35868 | L36: 35978 | M36: 36090 | N36: 36204 | O36: 36318 | P36: 36434
A37: 14035 | B37: General Roca | C37: 18920 | D37: 18909 | E37: 18897 | F37: 18886 | G37: 18875 | H37: 18865 | I37: 18854 | J37: 18845 | K37: 18835 | L37: 18825 | M37: 18815 | N37: 18805 | O37: 18795 | P37: 18784
A38: 14042 | B38: General San Martín | C38: 78111 | D38: 78460 | E38: 78820 | F38: 79171 | G38: 79510 | H38: 79834 | I38: 80146 | J38: 80450 | K38: 80754 | L38: 81063 | M38: 81376 | N38: 81693 | O38: 82012 | P38: 82335
A39: 14049 | B39: Ischilín | C39: 18156 | D39: 18199 | E39: 18243 | F39: 18286 | G39: 18328 | H39: 18368 | I39: 18406 | J39: 18444 | K39: 18481 | L39: 18519 | M39: 18558 | N39: 18597 | O39: 18636 | P39: 18675
A40: 14056 | B40: Juárez Celman | C40: 35194 | D40: 35284 | E40: 35377 | F40: 35468 | G40: 35555 | H40: 35639 | I40: 35720 | J40: 35798 | K40: 35877 | L40: 35956 | M40: 36037 | N40: 36119 | O40: 36202 | P40: 36285
A41: 14063 | B41: Marcos Juárez | C41: 54505 | D41: 54504 | E41: 54502 | F41: 54500 | G41: 54499 | H41: 54498 | I41: 54496 | J41: 54495 | K41: 54494 | L41: 54492 | M41: 54491 | N41: 54489 | O41: 54488 | P41: 54487
A42: 14070 | B42: Minas | C42: 2568 | D42: 2564 | E42: 2561 | F42: 2557 | G42: 2554 | H42: 2550 | I42: 2547 | J42: 2544 | K42: 2541 | L42: 2538 | M42: 2534 | N42: 2531 | O42: 2528 | P42: 2525
A43: 14077 | B43: Pocho | C43: 2688 | D43: 2680 | E43: 2673 | F43: 2665 | G43: 2657 | H43: 2650 | I43: 2643 | J43: 2637 | K43: 2630 | L43: 2623 | M43: 2616 | N43: 2610 | O43: 2603 | P43: 2595
... A58: 14182 | B58: Unión | C58: 58580 | D58: 58658 | E58: 58739 | F58: 58818 | G58: 58895 | H58: 58968 | I58: 59038 | J58: 59106 | K58: 59174 | L58: 59244 | M58: 59314 | N58: 59386 | O58: 59457 | P58: 59530
A60: Mujeres
A61: Código | B61: Departamento | C61: 2022 | D61: 2023 | E61: 2024 | F61: 2025 | G61: 2026 | H61: 2027 | I61: 2028 | J61: 2029 | K61: 2030 | L61: 2031 | M61: 2032 | N61: 2033 | O61: 2034 | P61: 2035
A62: 14007 | B62: Calamuchita | C62: 38606 | D62: 38884 | E62: 39178 | F62: 39453 | G62: 39713 | H62: 39959 | I62: 40192 | J62: 40416 | K62: 40638 | L62: 40863 | M62: 41090 | N62: 41318 | O62: 41548 | P62: 41778
A63: 14014 | B63: Capital | C63: 793745 | D63: 795149 | E63: 796635 | F63: 798028 | G63: 799346 | H63: 800586 | I63: 801766 | J63: 802899 | K63: 804024 | L63: 805161 | M63: 806310 | N63: 807465 | O63: 808626 | P63: 809793
A64: 14021 | B64: Colón | C64: 152494 | D64: 153380 | E64: 154317 | F64: 155196 | G64: 156027 | H64: 156809 | I64: 157553 | J64: 158268 | K64: 158978 | L64: 159695 | M64: 160420 | N64: 161149 | O64: 161881 | P64: 162616
A65: 14028 | B65: Cruz del Eje | C65: 33671 | D65: 33749 | E65: 33831 | F65: 33908 | G65: 33981 | H65: 34049 | I65: 34114 | J65: 34177 | K65: 34239 | L65: 34301 | M65: 34365 | N65: 34429 | O65: 34493 | P65: 34557
A66: 14035 | B66: General Roca | C66: 18123 | D66: 18107 | E66: 18090 | F66: 18074 | G66: 18059 | H66: 18045 | I66: 18031 | J66: 18019 | K66: 18006 | L66: 17993 | M66: 17979 | N66: 17966 | O66: 17953 | P66: 17940
A67: 14042 | B67: General San Martín | C67: 79487 | D67: 79803 | E67: 80138 | F67: 80452 | G67: 80748 | H67: 81028 | I67: 81293 | J67: 81548 | K67: 81802 | L67: 82058 | M67: 82316 | N67: 82577 | O67: 82838 | P67: 83101
A68: 14049 | B68: Ischilín | C68: 18694 | D68: 18730 | E68: 18768 | F68: 18804 | G68: 18837 | H68: 18869 | I68: 18899 | J68: 18928 | K68: 18956 | L68: 18985 | M68: 19015 | N68: 19044 | O68: 19074 | P68: 19104
A69: 14056 | B69: Juárez Celman | C69: 34934 | D69: 35019 | E69: 35108 | F69: 35191 | G69: 35270 | H69: 35344 | I69: 35415 | J69: 35483 | K69: 35551 | L69: 35619 | M69: 35688 | N69: 35757 | O69: 35827 | P69: 35897
A70: 14063 | B70: Marcos Juárez | C70: 55586 | D70: 55567 | E70: 55547 | F70: 55527 | G70: 55509 | H70: 55492 | I70: 55476 | J70: 55461 | K70: 55445 | L70: 55429 | M70: 55414 | N70: 55398 | O70: 55382 | P70: 55366
A71: 14070 | B71: Minas | C71: 2410 | D71: 2408 | E71: 2406 | F71: 2404 | G71: 2402 | H71: 2401 | I71: 2399 | J71: 2397 | K71: 2396 | L71: 2394 | M71: 2393 | N71: 2391 | O71: 2389 | P71: 2388
A72: 14077 | B72: Pocho | C72: 2549 | D72: 2543 | E72: 2537 | F72: 2532 | G72: 2527 | H72: 2522 | I72: 2517 | J72: 2512 | K72: 2508 | L72: 2503 | M72: 2499 | N72: 2494 | O72: 2490 | P72: 2485
... A87: 14182 | B87: Unión | C87: 58485 | D87: 58542 | E87: 58601 | F87: 58657 | G87: 58711 | H87: 58760 | I87: 58808 | J87: 58853 | K87: 58899 | L87: 58944 | M87: 58990 | N87: 59037 | O87: 59084 | P87: 59131
A89: Fuente: INDEC, estimaciones elaboradas con base en el Censo Nacional de Población, Hogares y Viviendas 2022.

Sheet 18-CORRIENTES
A1: Cuadro 5. Provincia de Corrientes. Población estimada al 1.° de julio de cada año calendario, por sexo, según departamento. Años 2022-2035
A2: Ambos sexos
A3: Código | B3: Departamento | C3: 2022 | D3: 2023 | E3: 2024 | F3: 2025 | G3: 2026 | H3: 2027 | I3: 2028 | J3: 2029 | K3: 2030 | L3: 2031 | M3: 2032 | N3: 2033 | O3: 2034 | P3: 2035
A4: 18007 | B4: Bella Vista | C4: 43550 | D4: 43696 | E4: 43849 | F4: 43989 | G4: 44121 | H4: 44240 | I4: 44356 | J4: 44472 | K4: 44586 | L4: 44699 | M4: 44813 | N4: 44925 | O4: 45036 | P4: 45145
A5: 18014 | B5: Berón de Astrada | C5: 2774 | D5: 2780 | E5: 2785 | F5: 2790 | G5: 2795 | H5: 2800 | I5: 2804 | J5: 2808 | K5: 2813 | L5: 2817 | M5: 2821 | N5: 2826 | O5: 2830 | P5: 2834
A6: 18021 | B6: Capital | C6: 430534 | D6: 432388 | E6: 434317 | F6: 436111 | G6: 437771 | H6: 439291 | I6: 440763 | J6: 442236 | K6: 443682 | L6: 445124 | M6: 446565 | N6: 447996 | O6: 449400 | P6: 450796
A7: 18028 | B7: Concepción | C7: 25785 | D7: 25913 | E7: 26045 | F7: 26167 | G7: 26280 | H7: 26384 | I7: 26485 | J7: 26585 | K7: 26683 | L7: 26781 | M7: 26879 | N7: 26977 | O7: 27072 | P7: 27166
A8: 18035 | B8: Curuzú Cuatiá | C8: 50527 | D8: 50645 | E8: 50769 | F8: 50884 | G8: 50990 | H8: 51087 | I8: 51181 | J8: 51276 | K8: 51367 | L8: 51460 | M8: 51552 | N8: 51644 | O8: 51734 | P8: 51823
A9: 18042 | B9: Empedrado | C9: 17623 | D9: 17679 | E9: 17737 | F9: 17791 | G9: 17841 | H9: 17886 | I9: 17931 | J9: 17975 | K9: 18019 | L9: 18062 | M9: 18105 | N9: 18149 | O9: 18191 | P9: 18234
A10: 18049 | B10: Esquina | C10: 38419 | D10: 38631 | E10: 38849 | F10: 39052 | G10: 39240 | H10: 39412 | I10: 39579 | J10: 39745 | K10: 39908 | L10: 40072 | M10: 40235 | N10: 40396 | O10: 40555 | P10: 40712
A11: 18056 | B11: General Alvear | C11: 8975 | D11: 8993 | E11: 9011 | F11: 9028 | G11: 9045 | H11: 9060 | I11: 9074 | J11: 9089 | K11: 9102 | L11: 9117 | M11: 9131 | N11: 9146 | O11: 9159 | P11: 9173
A12: 18063 | B12: General Paz | C12: 16696 | D12: 16726 | E12: 16759 | F12: 16788 | G12: 16816 | H12: 16840 | I12: 16864 | J12: 16889 | K12: 16913 | L12: 16937 | M12: 16961 | N12: 16983 | O12: 17006 | P12: 17030
A13: 18070 | B13: Goya | C13: 104277 | D13: 104585 | E13: 104906 | F13: 105205 | G13: 105482 | H13: 105736 | I13: 105981 | J13: 106227 | K13: 106468 | L13: 106708 | M13: 106949 | N13: 107188 | O13: 107422 | P13: 107654
A14: 18077 | B14: Itatí | C14: 11776 | D14: 11852 | E14: 11931 | F14: 12004 | G14: 12073 | H14: 12135 | I14: 12195 | J14: 12256 | K14: 12316 | L14: 12375 | M14: 12433 | N14: 12492 | O14: 12550 | P14: 12607
... A28: 18175 | B28: Sauce | C28: 10183 | D28: 10202 | E28: 10222 | F28: 10240 | G28: 10258 | H28: 10273 | I28: 10288 | J28: 10304 | K28: 10318 | L28: 10333 | M28: 10349 | N28: 10364 | O28: 10378 | P28: 10393
A30: Varones
A31: Código | B31: Departamento | C31: 2022 | D31: 2023 | E31: 2024 | F31: 2025 | G31: 2026 | H31: 2027 | I31: 2028 | J31: 2029 | K31: 2030 | L31: 2031 | M31: 2032 | N31: 2033 | O31: 2034 | P31: 2035
A32: 18007 | B32: Bella Vista | C32: 21929 | D32: 21996 | E32: 22069 | F32: 22137 | G32: 22202 | H32: 22260 | I32: 22317 | J32: 22375 | K32: 22432 | L32: 22488 | M32: 22545 | N32: 22601 | O32: 22657 | P32: 22712
A33: 18014 | B33: Berón de Astrada | C33: 1444 | D33: 1447 | E33: 1450 | F33: 1452 | G33: 1455 | H33: 1458 | I33: 1460 | J33: 1462 | K33: 1465 | L33: 1467 | M33: 1469 | N33: 1472 | O33: 1474 | P33: 1476
A34: 18021 | B34: Capital | C34: 210657 | D34: 211559 | E34: 212525 | F34: 213442 | G34: 214297 | H34: 215083 | I34: 215847 | J34: 216615 | K34: 217372 | L34: 218129 | M34: 218886 | N34: 219640 | O34: 220384 | P34: 221125
A35: 18028 | B35: Concepción | C35: 13195 | D35: 13247 | E35: 13303 | F35: 13356 | G35: 13405 | H35: 13451 | I35: 13495 | J35: 13539 | K35: 13583 | L35: 13626 | M35: 13670 | N35: 13714 | O35: 13757 | P35: 13799
A36: 18035 | B36: Curuzú Cuatiá | C36: 25070 | D36: 25128 | E36: 25191 | F36: 25250 | G36: 25305 | H36: 25356 | I36: 25405 | J36: 25455 | K36: 25503 | L36: 25552 | M36: 25601 | N36: 25650 | O36: 25698 | P36: 25746
A37: 18042 | B37: Empedrado | C37: 8878 | D37: 8906 | E37: 8935 | F37: 8963 | G37: 8989 | H37: 9013 | I37: 9037 | J37: 9060 | K37: 9083 | L37: 9106 | M37: 9129 | N37: 9152 | O37: 9175 | P37: 9198
A38: 18049 | B38: Esquina | C38: 19029 | D38: 19124 | E38: 19225 | F38: 19321 | G38: 19410 | H38: 19493 | I38: 19573 | J38: 19653 | K38: 19732 | L38: 19812 | M38: 19891 | N38: 19970 | O38: 20048 | P38: 20125
A39: 18056 | B39: General Alvear | C39: 4625 | D39: 4638 | E39: 4651 | F39: 4664 | G39: 4677 | H39: 4688 | I39: 4699 | J39: 4710 | K39: 4720 | L39: 4731 | M39: 4742 | N39: 4753 | O39: 4763 | P39: 4774
A40: 18063 | B40: General Paz | C40: 8458 | D40: 8472 | E40: 8488 | F40: 8502 | G40: 8516 | H40: 8528 | I40: 8540 | J40: 8553 | K40: 8565 | L40: 8577 | M40: 8589 | N40: 8600 | O40: 8612 | P40: 8624
A41: 18070 | B41: Goya | C41: 51341 | D41: 51494 | E41: 51659 | F41: 51816 | G41: 51962 | H41: 52097 | I41: 52227 | J41: 52359 | K41: 52488 | L41: 52617 | M41: 52747 | N41: 52876 | O41: 53003 | P41: 53129
A42: 18077 | B42: Itatí | C42: 5982 | D42: 6021 | E42: 6062 | F42: 6101 | G42: 6138 | H42: 6171 | I42: 6204 | J42: 6237 | K42: 6270 | L42: 6302 | M42: 6334 | N42: 6366 | O42: 6398 | P42: 6430
... A56: 18175 | B56: Sauce | C56: 5132 | D56: 5144 | E56: 5156 | F56: 5168 | G56: 5179 | H56: 5189 | I56: 5199 | J56: 5209 | K56: 5218 | L56: 5228 | M56: 5238 | N56: 5248 | O56: 5257 | P56: 5267
A58: Mujeres
A59: Código | B59: Departamento | C59: 2022 | D59: 2023 | E59: 2024 | F59: 2025 | G59: 2026 | H59: 2027 | I59: 2028 | J59: 2029 | K59: 2030 | L59: 2031 | M59: 2032 | N59: 2033 | O59: 2034 | P59: 2035
A60: 18007 | B60: Bella Vista | C60: 21621 | D60: 21700 | E60: 21780 | F60: 21852 | G60: 21919 | H60: 21980 | I60: 22039 | J60: 22097 | K60: 22154 | L60: 22211 | M60: 22268 | N60: 22324 | O60: 22379 | P60: 22433
A61: 18014 | B61: Berón de Astrada | C61: 1330 | D61: 1333 | E61: 1335 | F61: 1338 | G61: 1340 | H61: 1342 | I61: 1344 | J61: 1346 | K61: 1348 | L61: 1350 | M61: 1352 | N61: 1354 | O61: 1356 | P61: 1358
A62: 18021 | B62: Capital | C62: 219877 | D62: 220829 | E62: 221792 | F62: 222669 | G62: 223474 | H62: 224208 | I62: 224916 | J62: 225621 | K62: 226310 | L62: 226995 | M62: 227679 | N62: 228356 | O62: 229016 | P62: 229671
A63: 18028 | B63: Concepción | C63: 12590 | D63: 12666 | E63: 12742 | F63: 12811 | G63: 12875 | H63: 12933 | I63: 12990 | J63: 13046 | K63: 13100 | L63: 13155 | M63: 13209 | N63: 13263 | O63: 13315 | P63: 13367
A64: 18035 | B64: Curuzú Cuatiá | C64: 25457 | D64: 25517 | E64: 25578 | F64: 25634 | G64: 25685 | H64: 25731 | I64: 25776 | J64: 25821 | K64: 25864 | L64: 25908 | M64: 25951 | N64: 25994 | O64: 26036 | P64: 26077
A65: 18042 | B65: Empedrado | C65: 8745 | D65: 8773 | E65: 8802 | F65: 8828 | G65: 8852 | H65: 8873 | I65: 8894 | J65: 8915 | K65: 8936 | L65: 8956 | M65: 8976 | N65: 8997 | O65: 9016 | P65: 9036
A66: 18049 | B66: Esquina | C66: 19390 | D66: 19507 | E66: 19624 | F66: 19731 | G66: 19830 | H66: 19919 | I66: 20006 | J66: 20092 | K66: 20176 | L66: 20260 | M66: 20344 | N66: 20426 | O66: 20507 | P66: 20587
A67: 18056 | B67: General Alvear | C67: 4350 | D67: 4355 | E67: 4360 | F67: 4364 | G67: 4368 | H67: 4372 | I67: 4375 | J67: 4379 | K67: 4382 | L67: 4386 | M67: 4389 | N67: 4393 | O67: 4396 | P67: 4399
A68: 18063 | B68: General Paz | C68: 8238 | D68: 8254 | E68: 8271 | F68: 8286 | G68: 8300 | H68: 8312 | I68: 8324 | J68: 8336 | K68: 8348 | L68: 8360 | M68: 8372 | N68: 8383 | O68: 8394 | P68: 8406
A69: 18070 | B69: Goya | C69: 52936 | D69: 53091 | E69: 53247 | F69: 53389 | G69: 53520 | H69: 53639 | I69: 53754 | J69: 53868 | K69: 53980 | L69: 54091 | M69: 54202 | N69: 54312 | O69: 54419 | P69: 54525
A70: 18077 | B70: Itatí | C70: 5794 | D70: 5831 | E70: 5869 | F70: 5903 | G70: 5935 | H70: 5964 | I70: 5991 | J70: 6019 | K70: 6046 | L70: 6073 | M70: 6099 | N70: 6126 | O70: 6152 | P70: 6177
... A84: 18175 | B84: Sauce | C84: 5051 | D84: 5058 | E84: 5066 | F84: 5072 | G84: 5079 | H84: 5084 | I84: 5089 | J84: 5095 | K84: 5100 | L84: 5105 | M84: 5111 | N84: 5116 | O84: 5121 | P84: 5126
A86: Fuente: INDEC, estimaciones elaboradas con base en el Censo Nacional de Población, Hogares y Viviendas 2022.

Sheet 22-CHACO
A1: Cuadro 6. Provincia del Chaco. Población estimada al 1.° de julio de cada año calendario, por sexo, según departamento. Años 2022-2035
A2: Ambos sexos
A3: Código | B3: Departamento | C3: 2022 | D3: 2023 | E3: 2024 | F3: 2025 | G3: 2026 | H3: 2027 | I3: 2028 | J3: 2029 | K3: 2030 | L3: 2031 | M3: 2032 | N3: 2033 | O3: 2034 | P3: 2035
A4: 22007 | B4: Almirante Brown | C4: 39920 | D4: 40113 | E4: 40423 | F4: 40757 | G4: 41088 | H4: 41412 | I4: 41731 | J4: 42040 | K4: 42337 | L4: 42628 | M4: 42913 | N4: 43190 | O4: 43462 | P4: 43726
A5: 22014 | B5: Bermejo | C5: 29678 | D5: 29829 | E5: 30070 | F5: 30334 | G5: 30592 | H5: 30846 | I5: 31096 | J5: 31338 | K5: 31571 | L5: 31799 | M5: 32023 | N5: 32239 | O5: 32452 | P5: 32660
A6: 22028 | B6: Chacabuco | C6: 36476 | D6: 36674 | E6: 36991 | F6: 37335 | G6: 37676 | H6: 38010 | I6: 38339 | J6: 38657 | K6: 38964 | L6: 39264 | M6: 39558 | N6: 39842 | O6: 40123 | P6: 40396
A7: 22021 | B7: Comandante Fernández | C7: 108417 | D7: 108738 | E7: 109252 | F7: 109809 | G7: 110360 | H7: 110899 | I7: 111429 | J7: 111945 | K7: 112438 | L7: 112923 | M7: 113398 | N7: 113858 | O7: 114309 | P7: 114750
A8: 22036 | B8: 12 de Octubre | C8: 24492 | D8: 24547 | E8: 24636 | F8: 24732 | G8: 24827 | H8: 24919 | I8: 25011 | J8: 25100 | K8: 25184 | L8: 25268 | M8: 25349 | N8: 25428 | O8: 25506 | P8: 25582
A9: 22039 | B9: 2 de Abril | C9: 8774 | D9: 8815 | E9: 8881 | F9: 8953 | G9: 9023 | H9: 9092 | I9: 9161 | J9: 9226 | K9: 9290 | L9: 9352 | M9: 9413 | N9: 9472 | O9: 9530 | P9: 9587
A10: 22043 | B10: Fray Justo Santa María de Oro | C10: 11233 | D10: 11188 | E10: 11114 | F10: 11035 | G10: 10956 | H10: 10877 | I10: 10802 | J10: 10728 | K10: 10657 | L10: 10586 | M10: 10518 | N10: 10451 | O10: 10387 | P10: 10323
A11: 22049 | B11: General Belgrano | C11: 13506 | D11: 13551 | E11: 13622 | F11: 13700 | G11: 13776 | H11: 13851 | I11: 13925 | J11: 13997 | K11: 14065 | L11: 14134 | M11: 14199 | N11: 14264 | O11: 14327 | P11: 14388
A12: 22056 | B12: General Donovan | C12: 15782 | D12: 15854 | E12: 15969 | F12: 16094 | G12: 16218 | H12: 16339 | I12: 16458 | J12: 16573 | K12: 16684 | L12: 16793 | M12: 16899 | N12: 17002 | O12: 17104 | P12: 17203
A13: 22063 | B13: General Güemes | C13: 70758 | D13: 70793 | E13: 70847 | F13: 70906 | G13: 70963 | H13: 71020 | I13: 71075 | J13: 71128 | K13: 71178 | L13: 71229 | M13: 71278 | N13: 71325 | O13: 71371 | P13: 71416
A14: 22070 | B14: Independencia | C14: 23187 | D14: 23181 | E14: 23169 | F14: 23157 | G14: 23143 | H14: 23131 | I14: 23118 | J14: 23106 | K14: 23095 | L14: 23082 | M14: 23071 | N14: 23060 | O14: 23049 | P14: 23038
A15: 22077 | B15: Libertad | C15: 15077 | D15: 15180 | E15: 15347 | F15: 15527 | G15: 15706 | H15: 15880 | I15: 16052 | J15: 16218 | K15: 16378 | L15: 16536 | M15: 16689 | N15: 16838 | O15: 16985 | P15: 17127
... A28: 22168 | B28: 25 De Mayo | C28: 34585 | D28: 34759 | E28: 35041 | F28: 35345 | G28: 35646 | H28: 35941 | I28: 36230 | J28: 36512 | K28: 36783 | L28: 37048 | M28: 37308 | N28: 37559 | O28: 37806 | P28: 38047
A30: Varones
A31: Código | B31: Departamento | C31: 2022 | D31: 2023 | E31: 2024 | F31: 2025 | G31: 2026 | H31: 2027 | I31: 2028 | J31: 2029 | K31: 2030 | L31: 2031 | M31: 2032 | N31: 2033 | O31: 2034 | P31: 2035
A32: 22007 | B32: Almirante Brown | C32: 20173 | D32: 20257 | E32: 20398 | F32: 20553 | G32: 20707 | H32: 20858 | I32: 21007 | J32: 21152 | K32: 21291 | L32: 21428 | M32: 21562 | N32: 21693 | O32: 21822 | P32: 21947
A33: 22014 | B33: Bermejo | C33: 14883 | D33: 14954 | E33: 15072 | F33: 15204 | G33: 15333 | H33: 15461 | I33: 15586 | J33: 15708 | K33: 15826 | L33: 15941 | M33: 16054 | N33: 16164 | O33: 16273 | P33: 16379
A34: 22028 | B34: Chacabuco | C34: 18094 | D34: 18195 | E34: 18362 | F34: 18547 | G34: 18731 | H34: 18911 | I34: 19089 | J34: 19262 | K34: 19428 | L34: 19591 | M34: 19751 | N34: 19906 | O34: 20060 | P34: 20210
A35: 22021 | B35: Comandante Fernández | C35: 52792 | D35: 52937 | E35: 53179 | F35: 53446 | G35: 53712 | H35: 53972 | I35: 54228 | J35: 54478 | K35: 54717 | L35: 54953 | M35: 55184 | N35: 55409 | O35: 55630 | P35: 55847
A36: 22036 | B36: 12 de Octubre | C36: 12372 | D36: 12396 | E36: 12436 | F36: 12480 | G36: 12524 | H36: 12566 | I36: 12609 | J36: 12650 | K36: 12689 | L36: 12728 | M36: 12766 | N36: 12803 | O36: 12840 | P36: 12875
A37: 22039 | B37: 2 de Abril | C37: 4443 | D37: 4462 | E37: 4494 | F37: 4530 | G37: 4565 | H37: 4600 | I37: 4634 | J37: 4667 | K37: 4699 | L37: 4730 | M37: 4761 | N37: 4791 | O37: 4820 | P37: 4849
A38: 22043 | B38: Fray Justo Santa María de Oro | C38: 5711 | D38: 5683 | E38: 5636 | F38: 5585 | G38: 5534 | H38: 5483 | I38: 5434 | J38: 5386 | K38: 5340 | L38: 5294 | M38: 5250 | N38: 5206 | O38: 5164 | P38: 5122
A39: 22049 | B39: General Belgrano | C39: 6812 | D39: 6834 | E39: 6870 | F39: 6910 | G39: 6949 | H39: 6988 | I39: 7026 | J39: 7064 | K39: 7099 | L39: 7135 | M39: 7169 | N39: 7203 | O39: 7236 | P39: 7268
A40: 22056 | B40: General Donovan | C40: 7959 | D40: 7992 | E40: 8046 | F40: 8107 | G40: 8167 | H40: 8226 | I40: 8284 | J40: 8340 | K40: 8394 | L40: 8447 | M40: 8499 | N40: 8550 | O40: 8600 | P40: 8649
A41: 22063 | B41: General Güemes | C41: 35764 | D41: 35764 | E41: 35764 | F41: 35765 | G41: 35765 | H41: 35766 | I41: 35766 | J41: 35766 | K41: 35766 | L41: 35767 | M41: 35767 | N41: 35767 | O41: 35768 | P41: 35768
A42: 22070 | B42: Independencia | C42: 11410 | D42: 11396 | E42: 11373 | F42: 11348 | G42: 11322 | H42: 11298 | I42: 11273 | J42: 11249 | K42: 11227 | L42: 11204 | M42: 11182 | N42: 11161 | O42: 11140 | P42: 11119
A43: 22077 | B43: Libertad | C43: 7545 | D43: 7594 | E43: 7676 | F43: 7766 | G43: 7856 | H43: 7944 | I43: 8031 | J43: 8115 | K43: 8196 | L43: 8276 | M43: 8354 | N43: 8430 | O43: 8505 | P43: 8578
... A56: 22168 | B56: 25 De Mayo | C56: 17460 | D56: 17544 | E56: 17685 | F56: 17840 | G56: 17994 | H56: 18146 | I56: 18294 | J56: 18439 | K56: 18579 | L56: 18716 | M56: 18850 | N56: 18980 | O56: 19109 | P56: 19235
A58: Mujeres
A59: Código | B59: Departamento | C59: 2022 | D59: 2023 | E59: 2024 | F59: 2025 | G59: 2026 | H59: 2027 | I59: 2028 | J59: 2029 | K59: 2030 | L59: 2031 | M59: 2032 | N59: 2033 | O59: 2034 | P59: 2035
A60: 22007 | B60: Almirante Brown | C60: 19747 | D60: 19856 | E60: 20025 | F60: 20204 | G60: 20381 | H60: 20554 | I60: 20724 | J60: 20888 | K60: 21046 | L60: 21200 | M60: 21351 | N60: 21497 | O60: 21640 | P60: 21779
A61: 22014 | B61: Bermejo | C61: 14795 | D61: 14875 | E61: 14998 | F61: 15130 | G61: 15259 | H61: 15385 | I61: 15510 | J61: 15630 | K61: 15745 | L61: 15858 | M61: 15969 | N61: 16075 | O61: 16179 | P61: 16281
A62: 22028 | B62: Chacabuco | C62: 18382 | D62: 18479 | E62: 18629 | F62: 18788 | G62: 18945 | H62: 19099 | I62: 19250 | J62: 19395 | K62: 19536 | L62: 19673 | M62: 19807 | N62: 19936 | O62: 20063 | P62: 20186
A63: 22021 | B63: Comandante Fernández | C63: 55625 | D63: 55801 | E63: 56073 | F63: 56363 | G63: 56648 | H63: 56927 | I63: 57201 | J63: 57467 | K63: 57721 | L63: 57970 | M63: 58214 | N63: 58449 | O63: 58679 | P63: 58903
A64: 22036 | B64: 12 de Octubre | C64: 12120 | D64: 12151 | E64: 12200 | F64: 12252 | G64: 12303 | H64: 12353 | I64: 12402 | J64: 12450 | K64: 12495 | L64: 12540 | M64: 12583 | N64: 12625 | O64: 12666 | P64: 12707
A65: 22039 | B65: 2 de Abril | C65: 4331 | D65: 4353 | E65: 4387 | F65: 4423 | G65: 4458 | H65: 4492 | I65: 4527 | J65: 4559 | K65: 4591 | L65: 4622 | M65: 4652 | N65: 4681 | O65: 4710 | P65: 4738
A66: 22043 | B66: Fray Justo Santa María de Oro | C66: 5522 | D66: 5505 | E66: 5478 | F66: 5450 | G66: 5422 | H66: 5394 | I66: 5368 | J66: 5342 | K66: 5317 | L66: 5292 | M66: 5268 | N66: 5245 | O66: 5223 | P66: 5201
A67: 22049 | B67: General Belgrano | C67: 6694 | D67: 6717 | E67: 6752 | F67: 6790 | G67: 6827 | H67: 6863 | I67: 6899 | J67: 6933 | K67: 6966 | L67: 6999 | M67: 7030 | N67: 7061 | O67: 7091 | P67: 7120
A68: 22056 | B68: General Donovan | C68: 7823 | D68: 7862 | E68: 7923 | F68: 7987 | G68: 8051 | H68: 8113 | I68: 8174 | J68: 8233 | K68: 8290 | L68: 8346 | M68: 8400 | N68: 8452 | O68: 8504 | P68: 8554
A69: 22063 | B69: General Güemes | C69: 34994 | D69: 35029 | E69: 35083 | F69: 35141 | G69: 35198 | H69: 35254 | I69: 35309 | J69: 35362 | K69: 35412 | L69: 35462 | M69: 35511 | N69: 35558 | O69: 35603 | P69: 35648
A70: 22070 | B70: Independencia | C70: 11777 | D70: 11785 | E70: 11796 | F70: 11809 | G70: 11821 | H70: 11833 | I70: 11845 | J70: 11857 | K70: 11868 | L70: 11878 | M70: 11889 | N70: 11899 | O70: 11909 | P70: 11919
A71: 22077 | B71: Libertad | C71: 7532 | D71: 7586 | E71: 7671 | F71: 7761 | G71: 7850 | H71: 7936 | I71: 8021 | J71: 8103 | K71: 8182 | L71: 8260 | M71: 8335 | N71: 8408 | O71: 8480 | P71: 8549
... A84: 22168 | B84: 25 De Mayo | C84: 17125 | D84: 17215 | E84: 17356 | F84: 17505 | G84: 17652 | H84: 17795 | I84: 17936 | J84: 18073 | K84: 18204 | L84: 18332 | M84: 18458 | N84: 18579 | O84: 18697 | P84: 18812
A86: Fuente: INDEC, estimaciones elaboradas con base en el Censo Nacional de Población, Hogares y Viviendas 2022.

Sheet 26-CHUBUT
A1: Cuadro 7. Provincia del Chubut. Población estimada al 1.° de julio de cada año calendario, por sexo, según departamento. Años 2022-2035
A2: Ambos sexos
A3: Código | B3: Departamento | C3: 2022 | D3: 2023 | E3: 2024 | F3: 2025 | G3: 2026 | H3: 2027 | I3: 2028 | J3: 2029 | K3: 2030 | L3: 2031 | M3: 2032 | N3: 2033 | O3: 2034 | P3: 2035
A4: 26007 | B4: Biedma | C4: 103970 | D4: 104368 | E4: 104802 | F4: 105222 | G4: 105618 | H4: 106000 | I4: 106367 | J4: 106721 | K4: 107068 | L4: 107415 | M4: 107762 | N4: 108110 | O4: 108454 | P4: 108804
A5: 26014 | B5: Cushamen | C5: 28440 | D5: 28582 | E5: 28738 | F5: 28889 | G5: 29031 | H5: 29168 | I5: 29301 | J5: 29428 | K5: 29553 | L5: 29678 | M5: 29802 | N5: 29927 | O5: 30051 | P5: 30176
A6: 26021 | B6: Escalante | C6: 217201 | D6: 217751 | E6: 218354 | F6: 218939 | G6: 219492 | H6: 220024 | I6: 220536 | J6: 221031 | K6: 221517 | L6: 222001 | M6: 222484 | N6: 222968 | O6: 223448 | P6: 223934
A7: 26028 | B7: Florentino Ameghino | C7: 1802 | D7: 1805 | E7: 1808 | F7: 1812 | G7: 1815 | H7: 1818 | I7: 1821 | J7: 1824 | K7: 1827 | L7: 1830 | M7: 1834 | N7: 1837 | O7: 1840 | P7: 1842
A8: 26035 | B8: Futaleufú | C8: 50702 | D8: 50838 | E8: 50985 | F8: 51129 | G8: 51264 | H8: 51394 | I8: 51521 | J8: 51642 | K8: 51761 | L8: 51880 | M8: 51999 | N8: 52117 | O8: 52235 | P8: 52354
A9: 26042 | B9: Gaiman | C9: 12743 | D9: 12771 | E9: 12803 | F9: 12833 | G9: 12862 | H9: 12890 | I9: 12917 | J9: 12943 | K9: 12969 | L9: 12994 | M9: 13019 | N9: 13044 | O9: 13070 | P9: 13094
A10: 26049 | B10: Gastre | C10: 1208 | D10: 1203 | E10: 1198 | F10: 1192 | G10: 1188 | H10: 1182 | I10: 1178 | J10: 1173 | K10: 1169 | L10: 1165 | M10: 1160 | N10: 1155 | O10: 1151 | P10: 1147
A11: 26056 | B11: Languiñeo | C11: 2910 | D11: 2905 | E11: 2901 | F11: 2896 | G11: 2892 | H11: 2888 | I11: 2884 | J11: 2880 | K11: 2876 | L11: 2872 | M11: 2868 | N11: 2865 | O11: 2861 | P11: 2857
A12: 26063 | B12: Mártires | C12: 763 | D12: 763 | E12: 762 | F12: 760 | G12: 760 | H12: 760 | I12: 758 | J12: 758 | K12: 757 | L12: 757 | M12: 757 | N12: 755 | O12: 755 | P12: 754
A13: 26070 | B13: Paso de Indios | C13: 1905 | D13: 1905 | E13: 1905 | F13: 1905 | G13: 1906 | H13: 1906 | I13: 1905 | J13: 1906 | K13: 1906 | L13: 1906 | M13: 1906 | N13: 1907 | O13: 1906 | P13: 1906
A14: 26077 | B14: Rawson | C14: 146903 | D14: 147157 | E14: 147435 | F14: 147704 | G14: 147958 | H14: 148203 | I14: 148438 | J14: 148664 | K14: 148888 | L14: 149110 | M14: 149332 | N14: 149555 | O14: 149774 | P14: 149999
... A18: 26105 | B18: Telsen | C18: 1639 | D18: 1638 | E18: 1637 | F18: 1636 | G18: 1633 | H18: 1632 | I18: 1631 | J18: 1630 | K18: 1629 | L18: 1628 | M18: 1627 | N18: 1626 | O18: 1624 | P18: 1623
A20: Varones
A21: Código | B21: Departamento | C21: 2022 | D21: 2023 | E21: 2024 | F21: 2025 | G21: 2026 | H21: 2027 | I21: 2028 | J21: 2029 | K21: 2030 | L21: 2031 | M21: 2032 | N21: 2033 | O21: 2034 | P21: 2035
A22: 26007 | B22: Biedma | C22: 52290 | D22: 52467 | E22: 52661 | F22: 52835 | G22: 52996 | H22: 53149 | I22: 53298 | J22: 53439 | K22: 53578 | L22: 53719 | M22: 53861 | N22: 54007 | O22: 54149 | P22: 54300
A23: 26014 | B23: Cushamen | C23: 14340 | D23: 14400 | E23: 14466 | F23: 14525 | G23: 14579 | H23: 14631 | I23: 14682 | J23: 14730 | K23: 14777 | L23: 14825 | M23: 14873 | N23: 14922 | O23: 14971 | P23: 15022
A24: 26021 | B24: Escalante | C24: 109000 | D24: 109225 | E24: 109473 | F24: 109695 | G24: 109900 | H24: 110096 | I24: 110285 | J24: 110466 | K24: 110643 | L24: 110823 | M24: 111004 | N24: 111190 | O24: 111372 | P24: 111564
A25: 26028 | B25: Florentino Ameghino | C25: 953 | D25: 953 | E25: 953 | F25: 953 | G25: 953 | H25: 953 | I25: 953 | J25: 953 | K25: 953 | L25: 953 | M25: 954 | N25: 954 | O25: 954 | P25: 954
A26: 26035 | B26: Futaleufú | C26: 24859 | D26: 24915 | E26: 24976 | F26: 25031 | G26: 25082 | H26: 25130 | I26: 25178 | J26: 25222 | K26: 25266 | L26: 25311 | M26: 25356 | N26: 25402 | O26: 25447 | P26: 25494
A27: 26042 | B27: Gaiman | C27: 6445 | D27: 6454 | E27: 6464 | F27: 6473 | G27: 6481 | H27: 6489 | I27: 6496 | J27: 6504 | K27: 6511 | L27: 6518 | M27: 6525 | N27: 6532 | O27: 6540 | P27: 6547
A28: 26049 | B28: Gastre | C28: 694 | D28: 691 | E28: 689 | F28: 686 | G28: 684 | H28: 681 | I28: 679 | J28: 677 | K28: 675 | L28: 673 | M28: 671 | N28: 668 | O28: 666 | P28: 664
A29: 26056 | B29: Languiñeo | C29: 1547 | D29: 1543 | E29: 1540 | F29: 1536 | G29: 1533 | H29: 1530 | I29: 1527 | J29: 1524 | K29: 1521 | L29: 1518 | M29: 1515 | N29: 1512 | O29: 1509 | P29: 1506
A30: 26063 | B30: Mártires | C30: 447 | D30: 447 | E30: 446 | F30: 445 | G30: 445 | H30: 445 | I30: 444 | J30: 444 | K30: 443 | L30: 443 | M30: 443 | N30: 442 | O30: 442 | P30: 441
A31: 26070 | B31: Paso de Indios | C31: 1046 | D31: 1045 | E31: 1044 | F31: 1043 | G31: 1043 | H31: 1042 | I31: 1041 | J31: 1041 | K31: 1040 | L31: 1039 | M31: 1038 | N31: 1038 | O31: 1037 | P31: 1036
A32: 26077 | B32: Rawson | C32: 72632 | D32: 72743 | E32: 72866 | F32: 72976 | G32: 73077 | H32: 73174 | I32: 73268 | J32: 73357 | K32: 73445 | L32: 73534 | M32: 73624 | N32: 73716 | O32: 73805 | P32: 73901
... A36: 26105 | B36: Telsen | C36: 899 | D36: 899 | E36: 899 | F36: 899 | G36: 898 | H36: 898 | I36: 898 | J36: 898 | K36: 898 | L36: 898 | M36: 898 | N36: 898 | O36: 897 | P36: 897
A38: Mujeres
A39: Código | B39: Departamento | C39: 2022 | D39: 2023 | E39: 2024 | F39: 2025 | G39: 2026 | H39: 2027 | I39: 2028 | J39: 2029 | K39: 2030 | L39: 2031 | M39: 2032 | N39: 2033 | O39: 2034 | P39: 2035
A40: 26007 | B40: Biedma | C40: 51680 | D40: 51901 | E40: 52141 | F40: 52387 | G40: 52622 | H40: 52851 | I40: 53069 | J40: 53282 | K40: 53490 | L40: 53696 | M40: 53901 | N40: 54103 | O40: 54305 | P40: 54504
A41: 26014 | B41: Cushamen | C41: 14100 | D41: 14182 | E41: 14272 | F41: 14364 | G41: 14452 | H41: 14537 | I41: 14619 | J41: 14698 | K41: 14776 | L41: 14853 | M41: 14929 | N41: 15005 | O41: 15080 | P41: 15154
A42: 26021 | B42: Escalante | C42: 108201 | D42: 108526 | E42: 108881 | F42: 109244 | G42: 109592 | H42: 109928 | I42: 110251 | J42: 110565 | K42: 110874 | L42: 111178 | M42: 111480 | N42: 111778 | O42: 112076 | P42: 112370
A43: 26028 | B43: Florentino Ameghino | C43: 849 | D43: 852 | E43: 855 | F43: 859 | G43: 862 | H43: 865 | I43: 868 | J43: 871 | K43: 874 | L43: 877 | M43: 880 | N43: 883 | O43: 886 | P43: 888
A44: 26035 | B44: Futaleufú | C44: 25843 | D44: 25923 | E44: 26009 | F44: 26098 | G44: 26182 | H44: 26264 | I44: 26343 | J44: 26420 | K44: 26495 | L44: 26569 | M44: 26643 | N44: 26715 | O44: 26788 | P44: 26860
A45: 26042 | B45: Gaiman | C45: 6298 | D45: 6317 | E45: 6339 | F45: 6360 | G45: 6381 | H45: 6401 | I45: 6421 | J45: 6439 | K45: 6458 | L45: 6476 | M45: 6494 | N45: 6512 | O45: 6530 | P45: 6547
A46: 26049 | B46: Gastre | C46: 514 | D46: 512 | E46: 509 | F46: 506 | G46: 504 | H46: 501 | I46: 499 | J46: 496 | K46: 494 | L46: 492 | M46: 489 | N46: 487 | O46: 485 | P46: 483
A47: 26056 | B47: Languiñeo | C47: 1363 | D47: 1362 | E47: 1361 | F47: 1360 | G47: 1359 | H47: 1358 | I47: 1357 | J47: 1356 | K47: 1355 | L47: 1354 | M47: 1353 | N47: 1353 | O47: 1352 | P47: 1351
A48: 26063 | B48: Mártires | C48: 316 | D48: 316 | E48: 316 | F48: 315 | G48: 315 | H48: 315 | I48: 314 | J48: 314 | K48: 314 | L48: 314 | M48: 314 | N48: 313 | O48: 313 | P48: 313
A49: 26070 | B49: Paso de Indios | C49: 859 | D49: 860 | E49: 861 | F49: 862 | G49: 863 | H49: 864 | I49: 864 | J49: 865 | K49: 866 | L49: 867 | M49: 868 | N49: 869 | O49: 869 | P49: 870
A50: 26077 | B50: Rawson | C50: 74271 | D50: 74414 | E50: 74569 | F50: 74728 | G50: 74881 | H50: 75029 | I50: 75170 | J50: 75307 | K50: 75443 | L50: 75576 | M50: 75708 | N50: 75839 | O50: 75969 | P50: 76098
... A54: 26105 | B54: Telsen | C54: 740 | D54: 739 | E54: 738 | F54: 737 | G54: 735 | H54: 734 | I54: 733 | J54: 732 | K54: 731 | L54: 730 | M54: 729 | N54: 728 | O54: 727 | P54: 726
A56: Fuente: INDEC, estimaciones elaboradas con base en el Censo Nacional de Población, Hogares y Viviendas 2022.

Sheet 30-ENTRE RÍOS
A1: Cuadro 8. Provincia de Entre Ríos. Población estimada al 1.° de julio de cada año calendario, por sexo, según departamento. Años 2022-2035
A2: Ambos sexos
A3: Código | B3: Departamento | C3: 2022 | D3: 2023 | E3: 2024 | F3: 2025 | G3: 2026 | H3: 2027 | I3: 2028 | J3: 2029 | K3: 2030 | L3: 2031 | M3: 2032 | N3: 2033 | O3: 2034 | P3: 2035
A4: 30008 | B4: Colón | C4: 76600 | D4: 76833 | E4: 77095 | F4: 77348 | G4: 77583 | H4: 77802 | I4: 78008 | J4: 78204 | K4: 78395 | L4: 78590 | M4: 78784 | N4: 78982 | O4: 79179 | P4: 79376
A5: 30015 | B5: Concordia | C5: 202203 | D5: 202668 | E5: 203191 | F5: 203694 | G5: 204165 | H5: 204601 | I5: 205012 | J5: 205402 | K5: 205782 | L5: 206171 | M5: 206560 | N5: 206953 | O5: 207344 | P5: 207739
A6: 30021 | B6: Diamante | C6: 54511 | D6: 54623 | E6: 54750 | F6: 54871 | G6: 54986 | H6: 55091 | I6: 55191 | J6: 55285 | K6: 55378 | L6: 55473 | M6: 55568 | N6: 55663 | O6: 55759 | P6: 55855
A7: 30028 | B7: Federación | C7: 79978 | D7: 80131 | E7: 80303 | F7: 80468 | G7: 80623 | H7: 80766 | I7: 80901 | J7: 81030 | K7: 81156 | L7: 81284 | M7: 81412 | N7: 81543 | O7: 81672 | P7: 81802
A8: 30035 | B8: Federal | C8: 30181 | D8: 30239 | E8: 30303 | F8: 30364 | G8: 30423 | H8: 30476 | I8: 30527 | J8: 30575 | K8: 30622 | L8: 30670 | M8: 30719 | N8: 30767 | O8: 30816 | P8: 30865
A9: 30042 | B9: Feliciano | C9: 17091 | D9: 17114 | E9: 17138 | F9: 17162 | G9: 17185 | H9: 17206 | I9: 17226 | J9: 17245 | K9: 17262 | L9: 17281 | M9: 17299 | N9: 17318 | O9: 17337 | P9: 17356
A10: 30049 | B10: Gualeguay | C10: 58284 | D10: 58351 | E10: 58426 | F10: 58499 | G10: 58566 | H10: 58629 | I10: 58688 | J10: 58745 | K10: 58800 | L10: 58857 | M10: 58913 | N10: 58970 | O10: 59028 | P10: 59084
A11: 30056 | B11: Gualeguaychú | C11: 128304 | D11: 128563 | E11: 128854 | F11: 129133 | G11: 129396 | H11: 129639 | I11: 129867 | J11: 130085 | K11: 130296 | L11: 130514 | M11: 130731 | N11: 130951 | O11: 131171 | P11: 131390
A12: 30063 | B12: Islas del Ibicuy | C12: 14246 | D12: 14277 | E12: 14310 | F12: 14342 | G12: 14373 | H12: 14401 | I12: 14428 | J12: 14454 | K12: 14478 | L12: 14503 | M12: 14528 | N12: 14554 | O12: 14579 | P12: 14605
A13: 30070 | B13: La Paz | C13: 76701 | D13: 76818 | E13: 76950 | F13: 77076 | G13: 77194 | H13: 77305 | I13: 77408 | J13: 77507 | K13: 77603 | L13: 77701 | M13: 77799 | N13: 77899 | O13: 77999 | P13: 78098
A14: 30077 | B14: Nogoyá | C14: 43937 | D14: 43987 | E14: 44044 | F14: 44099 | G14: 44150 | H14: 44198 | I14: 44242 | J14: 44284 | K14: 44326 | L14: 44368 | M14: 44410 | N14: 44453 | O14: 44496 | P14: 44540
... A20: 30113 | B20: Villaguay | C20: 56758 | D20: 56857 | E20: 56969 | F20: 57075 | G20: 57176 | H20: 57268 | I20: 57357 | J20: 57440 | K20: 57522 | L20: 57605 | M20: 57689 | N20: 57774 | O20: 57858 | P20: 57943
A22: Varones
A23: Código | B23: Departamento | C23: 2022 | D23: 2023 | E23: 2024 | F23: 2025 | G23: 2026 | H23: 2027 | I23: 2028 | J23: 2029 | K23: 2030 | L23: 2031 | M23: 2032 | N23: 2033 | O23: 2034 | P23: 2035
A24: 30008 | B24: Colón | C24: 38025 | D24: 38137 | E24: 38260 | F24: 38380 | G24: 38492 | H24: 38599 | I24: 38700 | J24: 38797 | K24: 38893 | L24: 38991 | M24: 39090 | N24: 39190 | O24: 39292 | P24: 39393
A25: 30015 | B25: Concordia | C25: 99687 | D25: 99906 | E25: 100147 | F25: 100381 | G25: 100602 | H25: 100810 | I25: 101008 | J25: 101198 | K25: 101385 | L25: 101578 | M25: 101772 | N25: 101968 | O25: 102166 | P25: 102366
A26: 30021 | B26: Diamante | C26: 26843 | D26: 26903 | E26: 26970 | F26: 27035 | G26: 27096 | H26: 27153 | I26: 27208 | J26: 27260 | K26: 27312 | L26: 27366 | M26: 27419 | N26: 27473 | O26: 27528 | P26: 27583
A27: 30028 | B27: Federación | C27: 40403 | D27: 40481 | E27: 40567 | F27: 40651 | G27: 40729 | H27: 40803 | I27: 40874 | J27: 40942 | K27: 41009 | L27: 41077 | M27: 41146 | N27: 41217 | O27: 41287 | P27: 41358
A28: 30035 | B28: Federal | C28: 15149 | D28: 15179 | E28: 15212 | F28: 15243 | G28: 15273 | H28: 15301 | I28: 15328 | J28: 15354 | K28: 15379 | L28: 15405 | M28: 15432 | N28: 15458 | O28: 15485 | P28: 15512
A29: 30042 | B29: Feliciano | C29: 8469 | D29: 8478 | E29: 8487 | F29: 8496 | G29: 8505 | H29: 8513 | I29: 8521 | J29: 8529 | K29: 8536 | L29: 8544 | M29: 8551 | N29: 8559 | O29: 8567 | P29: 8575
A30: 30049 | B30: Gualeguay | C30: 28783 | D30: 28820 | E30: 28860 | F30: 28900 | G30: 28937 | H30: 28972 | I30: 29005 | J30: 29037 | K30: 29068 | L30: 29101 | M30: 29133 | N30: 29166 | O30: 29200 | P30: 29233
A31: 30056 | B31: Gualeguaychú | C31: 63220 | D31: 63351 | E31: 63496 | F31: 63636 | G31: 63769 | H31: 63894 | I31: 64012 | J31: 64126 | K31: 64238 | L31: 64354 | M31: 64470 | N31: 64588 | O31: 64707 | P31: 64826
A32: 30063 | B32: Islas del Ibicuy | C32: 7274 | D32: 7287 | E32: 7301 | F32: 7314 | G32: 7327 | H32: 7339 | I32: 7351 | J32: 7362 | K32: 7373 | L32: 7384 | M32: 7395 | N32: 7407 | O32: 7418 | P32: 7430
A33: 30070 | B33: La Paz | C33: 37947 | D33: 38008 | E33: 38075 | F33: 38140 | G33: 38201 | H33: 38259 | I33: 38314 | J33: 38367 | K33: 38419 | L33: 38472 | M33: 38526 | N33: 38581 | O33: 38636 | P33: 38691
A34: 30077 | B34: Nogoyá | C34: 21786 | D34: 21812 | E34: 21841 | F34: 21869 | G34: 21895 | H34: 21920 | I34: 21943 | J34: 21966 | K34: 21988 | L34: 22011 | M34: 22034 | N34: 22057 | O34: 22081 | P34: 22105
... A40: 30113 | B40: Villaguay | C40: 28264 | D40: 28319 | E40: 28380 | F40: 28438 | G40: 28494 | H40: 28546 | I40: 28596 | J40: 28644 | K40: 28691 | L40: 28739 | M40: 28788 | N40: 28838 | O40: 28887 | P40: 28937
A42: Mujeres
A43: Código | B43: Departamento | C43: 2022 | D43: 2023 | E43: 2024 | F43: 2025 | G43: 2026 | H43: 2027 | I43: 2028 | J43: 2029 | K43: 2030 | L43: 2031 | M43: 2032 | N43: 2033 | O43: 2034 | P43: 2035
A44: 30008 | B44: Colón | C44: 38575 | D44: 38696 | E44: 38835 | F44: 38968 | G44: 39091 | H44: 39203 | I44: 39308 | J44: 39407 | K44: 39502 | L44: 39599 | M44: 39694 | N44: 39792 | O44: 39887 | P44: 39983
A45: 30015 | B45: Concordia | C45: 102516 | D45: 102762 | E45: 103044 | F45: 103313 | G45: 103563 | H45: 103791 | I45: 104004 | J45: 104204 | K45: 104397 | L45: 104593 | M45: 104788 | N45: 104985 | O45: 105178 | P45: 105373
A46: 30021 | B46: Diamante | C46: 27668 | D46: 27720 | E46: 27780 | F46: 27836 | G46: 27890 | H46: 27938 | I46: 27983 | J46: 28025 | K46: 28066 | L46: 28107 | M46: 28149 | N46: 28190 | O46: 28231 | P46: 28272
A47: 30028 | B47: Federación | C47: 39575 | D47: 39650 | E47: 39736 | F47: 39817 | G47: 39894 | H47: 39963 | I47: 40027 | J47: 40088 | K47: 40147 | L47: 40207 | M47: 40266 | N47: 40326 | O47: 40385 | P47: 40444
A48: 30035 | B48: Federal | C48: 15032 | D48: 15060 | E48: 15091 | F48: 15121 | G48: 15150 | H48: 15175 | I48: 15199 | J48: 15221 | K48: 15243 | L48: 15265 | M48: 15287 | N48: 15309 | O48: 15331 | P48: 15353
A49: 30042 | B49: Feliciano | C49: 8622 | D49: 8636 | E49: 8651 | F49: 8666 | G49: 8680 | H49: 8693 | I49: 8705 | J49: 8716 | K49: 8726 | L49: 8737 | M49: 8748 | N49: 8759 | O49: 8770 | P49: 8781
A50: 30049 | B50: Gualeguay | C50: 29501 | D50: 29531 | E50: 29566 | F50: 29599 | G50: 29629 | H50: 29657 | I50: 29683 | J50: 29708 | K50: 29732 | L50: 29756 | M50: 29780 | N50: 29804 | O50: 29828 | P50: 29851
A51: 30056 | B51: Gualeguaychú | C51: 65084 | D51: 65212 | E51: 65358 | F51: 65497 | G51: 65627 | H51: 65745 | I51: 65855 | J51: 65959 | K51: 66058 | L51: 66160 | M51: 66261 | N51: 66363 | O51: 66464 | P51: 66564
A52: 30063 | B52: Islas del Ibicuy | C52: 6972 | D52: 6990 | E52: 7009 | F52: 7028 | G52: 7046 | H52: 7062 | I52: 7077 | J52: 7092 | K52: 7105 | L52: 7119 | M52: 7133 | N52: 7147 | O52: 7161 | P52: 7175
A53: 30070 | B53: La Paz | C53: 38754 | D53: 38810 | E53: 38875 | F53: 38936 | G53: 38993 | H53: 39046 | I53: 39094 | J53: 39140 | K53: 39184 | L53: 39229 | M53: 39273 | N53: 39318 | O53: 39363 | P53: 39407
A54: 30077 | B54: Nogoyá | C54: 22151 | D54: 22175 | E54: 22203 | F54: 22230 | G54: 22255 | H54: 22278 | I54: 22299 | J54: 22318 | K54: 22338 | L54: 22357 | M54: 22376 | N54: 22396 | O54: 22415 | P54: 22435
... A60: 30113 | B60: Villaguay | C60: 28494 | D60: 28538 | E60: 28589 | F60: 28637 | G60: 28682 | H60: 28722 | I60: 28761 | J60: 28796 | K60: 28831 | L60: 28866 | M60: 28901 | N60: 28936 | O60: 28971 | P60: 29006
A62: Fuente: INDEC, estimaciones elaboradas con base en el Censo Nacional de Población, Hogares y Viviendas 2022.

Sheet 34-FORMOSA
A1: Cuadro 9. Provincia de Formosa. Población estimada al 1.° de julio de cada año calendario, por sexo, según departamento. Años 2022-2035
A2: Ambos sexos
A3: Código | B3: Departamento | C3: 2022 | D3: 2023 | E3: 2024 | F3: 2025 | G3: 2026 | H3: 2027 | I3: 2028 | J3: 2029 | K3: 2030 | L3: 2031 | M3: 2032 | N3: 2033 | O3: 2034 | P3: 2035
A4: 34007 | B4: Bermejo | C4: 15979 | D4: 16016 | E4: 16051 | F4: 16089 | G4: 16125 | H4: 16163 | I4: 16200 | J4: 16237 | K4: 16271 | L4: 16305 | M4: 16338 | N4: 16370 | O4: 16400 | P4: 16430
A5: 34014 | B5: Formosa | C5: 275404 | D5: 276295 | E5: 277251 | F5: 278281 | G5: 279331 | H5: 280382 | I5: 281422 | J5: 282444 | K5: 283430 | L5: 284390 | M5: 285328 | N5: 286231 | O5: 287102 | P5: 287933
A6: 34021 | B6: Laishi | C6: 19718 | D6: 19772 | E6: 19825 | F6: 19882 | G6: 19940 | H6: 19998 | I6: 20055 | J6: 20111 | K6: 20165 | L6: 20217 | M6: 20269 | N6: 20318 | O6: 20366 | P6: 20410
A7: 34028 | B7: Matacos | C7: 17398 | D7: 17470 | E7: 17548 | F7: 17632 | G7: 17718 | H7: 17803 | I7: 17888 | J7: 17972 | K7: 18052 | L7: 18131 | M7: 18208 | N7: 18282 | O7: 18354 | P7: 18421
A8: 34035 | B8: Patiño | C8: 83578 | D8: 83931 | E8: 84310 | F8: 84718 | G8: 85134 | H8: 85549 | I8: 85962 | J8: 86365 | K8: 86756 | L8: 87136 | M8: 87507 | N8: 87865 | O8: 88208 | P8: 88537
A9: 34042 | B9: Pilagás | C9: 19527 | D9: 19529 | E9: 19523 | F9: 19515 | G9: 19506 | H9: 19497 | I9: 19488 | J9: 19479 | K9: 19471 | L9: 19462 | M9: 19453 | N9: 19444 | O9: 19436 | P9: 19428
A10: 34049 | B10: Pilcomayo | C10: 96417 | D10: 96625 | E10: 96840 | F10: 97072 | G10: 97307 | H10: 97543 | I10: 97776 | J10: 98004 | K10: 98224 | L10: 98439 | M10: 98648 | N10: 98849 | O10: 99043 | P10: 99228
A11: 34056 | B11: Pirané | C11: 74371 | D11: 74563 | E11: 74760 | F11: 74970 | G11: 75185 | H11: 75400 | I11: 75612 | J11: 75820 | K11: 76021 | L11: 76217 | M11: 76408 | N11: 76592 | O11: 76768 | P11: 76936
A12: 34063 | B12: Ramón Lista | C12: 18110 | D12: 18227 | E12: 18353 | F12: 18490 | G12: 18630 | H12: 18770 | I12: 18909 | J12: 19045 | K12: 19176 | L12: 19304 | M12: 19429 | N12: 19549 | O12: 19665 | P12: 19776
A14: Varones
A15: Código | B15: Departamento | C15: 2022 | D15: 2023 | E15: 2024 | F15: 2025 | G15: 2026 | H15: 2027 | I15: 2028 | J15: 2029 | K15: 2030 | L15: 2031 | M15: 2032 | N15: 2033 | O15: 2034 | P15: 2035
A16: 34007 | B16: Bermejo | C16: 8255 | D16: 8261 | E16: 8270 | F16: 8281 | G16: 8291 | H16: 8302 | I16: 8312 | J16: 8323 | K16: 8333 | L16: 8343 | M16: 8352 | N16: 8362 | O16: 8371 | P16: 8380
A17: 34014 | B17: Formosa | C17: 131861 | D17: 132197 | E17: 132678 | F17: 133226 | G17: 133788 | H17: 134347 | I17: 134906 | J17: 135458 | K17: 135992 | L17: 136512 | M17: 137026 | N17: 137523 | O17: 138006 | P17: 138468
A18: 34021 | B18: Laishi | C18: 9828 | D18: 9842 | E18: 9861 | F18: 9883 | G18: 9905 | H18: 9927 | I18: 9950 | J18: 9972 | K18: 9993 | L18: 10013 | M18: 10034 | N18: 10054 | O18: 10073 | P18: 10091
A19: 34028 | B19: Matacos | C19: 8576 | D19: 8605 | E19: 8647 | F19: 8694 | G19: 8743 | H19: 8791 | I19: 8839 | J19: 8887 | K19: 8933 | L19: 8978 | M19: 9023 | N19: 9066 | O19: 9108 | P19: 9147
A20: 34035 | B20: Patiño | C20: 41917 | D20: 42048 | E20: 42236 | F20: 42450 | G20: 42670 | H20: 42888 | I20: 43107 | J20: 43322 | K20: 43531 | L20: 43735 | M20: 43936 | N20: 44130 | O20: 44318 | P20: 44499
A21: 34042 | B21: Pilagás | C21: 9731 | D21: 9718 | E21: 9698 | F21: 9676 | G21: 9653 | H21: 9630 | I21: 9607 | J21: 9585 | K21: 9563 | L21: 9542 | M21: 9521 | N21: 9500 | O21: 9481 | P21: 9462
A22: 34049 | B22: Pilcomayo | C22: 46874 | D22: 46939 | E22: 47032 | F22: 47139 | G22: 47248 | H22: 47357 | I22: 47466 | J22: 47573 | K22: 47677 | L22: 47778 | M22: 47878 | N22: 47974 | O22: 48068 | P22: 48158
A23: 34056 | B23: Pirané | C23: 36597 | D23: 36655 | E23: 36738 | F23: 36833 | G23: 36930 | H23: 37027 | I23: 37124 | J23: 37219 | K23: 37311 | L23: 37402 | M23: 37491 | N23: 37577 | O23: 37660 | P23: 37740
A24: 34063 | B24: Ramón Lista | C24: 9032 | D24: 9079 | E24: 9146 | F24: 9223 | G24: 9302 | H24: 9380 | I24: 9459 | J24: 9536 | K24: 9611 | L24: 9684 | M24: 9756 | N24: 9825 | O24: 9893 | P24: 9958
A26: Mujeres
A27: Código | B27: Departamento | C27: 2022 | D27: 2023 | E27: 2024 | F27: 2025 | G27: 2026 | H27: 2027 | I27: 2028 | J27: 2029 | K27: 2030 | L27: 2031 | M27: 2032 | N27: 2033 | O27: 2034 | P27: 2035
A28: 34007 | B28: Bermejo | C28: 7724 | D28: 7755 | E28: 7781 | F28: 7808 | G28: 7834 | H28: 7861 | I28: 7888 | J28: 7914 | K28: 7938 | L28: 7962 | M28: 7986 | N28: 8008 | O28: 8029 | P28: 8050
A29: 34014 | B29: Formosa | C29: 143543 | D29: 144098 | E29: 144573 | F29: 145055 | G29: 145543 | H29: 146035 | I29: 146516 | J29: 146986 | K29: 147438 | L29: 147878 | M29: 148302 | N29: 148708 | O29: 149096 | P29: 149465
A30: 34021 | B30: Laishi | C30: 9890 | D30: 9930 | E30: 9964 | F30: 9999 | G30: 10035 | H30: 10071 | I30: 10105 | J30: 10139 | K30: 10172 | L30: 10204 | M30: 10235 | N30: 10264 | O30: 10293 | P30: 10319
A31: 34028 | B31: Matacos | C31: 8822 | D31: 8865 | E31: 8901 | F31: 8938 | G31: 8975 | H31: 9012 | I31: 9049 | J31: 9085 | K31: 9119 | L31: 9153 | M31: 9185 | N31: 9216 | O31: 9246 | P31: 9274
A32: 34035 | B32: Patiño | C32: 41661 | D32: 41883 | E32: 42074 | F32: 42268 | G32: 42464 | H32: 42661 | I32: 42855 | J32: 43043 | K32: 43225 | L32: 43401 | M32: 43571 | N32: 43735 | O32: 43890 | P32: 44038
A33: 34042 | B33: Pilagás | C33: 9796 | D33: 9811 | E33: 9825 | F33: 9839 | G33: 9853 | H33: 9867 | I33: 9881 | J33: 9894 | K33: 9908 | L33: 9920 | M33: 9932 | N33: 9944 | O33: 9955 | P33: 9966
A34: 34049 | B34: Pilcomayo | C34: 49543 | D34: 49686 | E34: 49808 | F34: 49933 | G34: 50059 | H34: 50186 | I34: 50310 | J34: 50431 | K34: 50547 | L34: 50661 | M34: 50770 | N34: 50875 | O34: 50975 | P34: 51070
A35: 34056 | B35: Pirané | C35: 37774 | D35: 37908 | E35: 38022 | F35: 38137 | G35: 38255 | H35: 38373 | I35: 38488 | J35: 38601 | K35: 38710 | L35: 38815 | M35: 38917 | N35: 39015 | O35: 39108 | P35: 39196
A36: 34063 | B36: Ramón Lista | C36: 9078 | D36: 9148 | E36: 9207 | F36: 9267 | G36: 9328 | H36: 9390 | I36: 9450 | J36: 9509 | K36: 9565 | L36: 9620 | M36: 9673 | N36: 9724 | O36: 9772 | P36: 9818
A38: Fuente: INDEC, estimaciones elaboradas con base en el Censo Nacional de Población, Hogares y Viviendas 2022.

Sheet 38-JUJUY
A1: Cuadro 10. Provincia de Jujuy. Población estimada al 1.° de julio de cada año calendario, por sexo, según departamento. Años 2022-2035
A2: Ambos sexos
A3: Código | B3: Departamento | C3: 2022 | D3: 2023 | E3: 2024 | F3: 2025 | G3: 2026 | H3: 2027 | I3: 2028 | J3: 2029 | K3: 2030 | L3: 2031 | M3: 2032 | N3: 2033 | O3: 2034 | P3: 2035
A4: 38007 | B4: Cochinoca | C4: 14748 | D4: 14772 | E4: 14801 | F4: 14834 | G4: 14869 | H4: 14904 | I4: 14939 | J4: 14974 | K4: 15008 | L4: 15043 | M4: 15078 | N4: 15114 | O4: 15150 | P4: 15185
A5: 38021 | B5: Dr. Manuel Belgrano | C5: 314435 | D5: 315046 | E5: 315787 | F5: 316637 | G5: 317530 | H5: 318430 | I5: 319325 | J5: 320213 | K5: 321096 | L5: 321993 | M5: 322903 | N5: 323815 | O5: 324719 | P5: 325620
A6: 38014 | B6: El Carmen | C6: 119963 | D6: 120281 | E6: 120664 | F6: 121103 | G6: 121564 | H6: 122028 | I6: 122490 | J6: 122947 | K6: 123402 | L6: 123865 | M6: 124334 | N6: 124802 | O6: 125267 | P6: 125730
A7: 38028 | B7: Humahuaca | C7: 20489 | D7: 20527 | E7: 20573 | F7: 20625 | G7: 20679 | H7: 20734 | I7: 20789 | J7: 20843 | K7: 20897 | L7: 20952 | M7: 21006 | N7: 21062 | O7: 21117 | P7: 21172
A8: 38035 | B8: Ledesma | C8: 92409 | D8: 92510 | E8: 92632 | F8: 92771 | G8: 92919 | H8: 93067 | I8: 93214 | J8: 93360 | K8: 93505 | L8: 93652 | M8: 93802 | N8: 93952 | O8: 94100 | P8: 94248
A9: 38042 | B9: Palpalá | C9: 64245 | D9: 64400 | E9: 64587 | F9: 64801 | G9: 65027 | H9: 65255 | I9: 65480 | J9: 65705 | K9: 65928 | L9: 66154 | M9: 66384 | N9: 66614 | O9: 66842 | P9: 67070
A10: 38049 | B10: Rinconada | C10: 1767 | D10: 1752 | E10: 1732 | F10: 1710 | G10: 1686 | H10: 1663 | I10: 1639 | J10: 1616 | K10: 1593 | L10: 1569 | M10: 1544 | N10: 1520 | O10: 1497 | P10: 1472
A11: 38056 | B11: San Antonio | C11: 6599 | D11: 6634 | E11: 6676 | F11: 6724 | G11: 6775 | H11: 6825 | I11: 6875 | J11: 6925 | K11: 6976 | L11: 7026 | M11: 7078 | N11: 7129 | O11: 7180 | P11: 7231
A12: 38063 | B12: San Pedro | C12: 86494 | D12: 86618 | E12: 86769 | F12: 86941 | G12: 87122 | H12: 87305 | I12: 87486 | J12: 87667 | K12: 87846 | L12: 88027 | M12: 88212 | N12: 88397 | O12: 88580 | P12: 88763
A13: 38070 | B13: Santa Bárbara | C13: 20111 | D13: 20133 | E13: 20161 | F13: 20192 | G13: 20227 | H13: 20260 | I13: 20293 | J13: 20327 | K13: 20359 | L13: 20393 | M13: 20428 | N13: 20461 | O13: 20496 | P13: 20529
A14: 38077 | B14: Santa Catalina | C14: 2593 | D14: 2585 | E14: 2576 | F14: 2567 | G14: 2555 | H14: 2544 | I14: 2534 | J14: 2523 | K14: 2513 | L14: 2502 | M14: 2491 | N14: 2480 | O14: 2469 | P14: 2458
... A19: 38112 | B19: Yavi | C19: 25338 | D19: 25398 | E19: 25472 | F19: 25556 | G19: 25645 | H19: 25734 | I19: 25823 | J19: 25911 | K19: 25999 | L19: 26088 | M19: 26179 | N19: 26269 | O19: 26359 | P19: 26448
A21: Varones
A22: Código | B22: Departamento | C22: 2022 | D22: 2023 | E22: 2024 | F22: 2025 | G22: 2026 | H22: 2027 | I22: 2028 | J22: 2029 | K22: 2030 | L22: 2031 | M22: 2032 | N22: 2033 | O22: 2034 | P22: 2035
A23: 38007 | B23: Cochinoca | C23: 7141 | D23: 7153 | E23: 7168 | F23: 7185 | G23: 7203 | H23: 7222 | I23: 7240 | J23: 7259 | K23: 7277 | L23: 7296 | M23: 7315 | N23: 7334 | O23: 7354 | P23: 7373
A24: 38021 | B24: Dr. Manuel Belgrano | C24: 153446 | D24: 153731 | E24: 154089 | F24: 154499 | G24: 154940 | H24: 155388 | I24: 155834 | J24: 156280 | K24: 156727 | L24: 157182 | M24: 157646 | N24: 158115 | O24: 158579 | P24: 159047
A25: 38014 | B25: El Carmen | C25: 60189 | D25: 60323 | E25: 60491 | F25: 60684 | G25: 60891 | H25: 61101 | I25: 61311 | J25: 61521 | K25: 61731 | L25: 61945 | M25: 62164 | N25: 62384 | O25: 62602 | P25: 62822
A26: 38028 | B26: Humahuaca | C26: 9934 | D26: 9949 | E26: 9967 | F26: 9988 | G26: 10010 | H26: 10033 | I26: 10056 | J26: 10079 | K26: 10102 | L26: 10125 | M26: 10148 | N26: 10172 | O26: 10196 | P26: 10220
A27: 38035 | B27: Ledesma | C27: 46575 | D27: 46620 | E27: 46677 | F27: 46742 | G27: 46813 | H27: 46884 | I27: 46955 | J27: 47026 | K27: 47097 | L27: 47169 | M27: 47243 | N27: 47318 | O27: 47392 | P27: 47466
A28: 38042 | B28: Palpalá | C28: 32011 | D28: 32083 | E28: 32173 | F28: 32275 | G28: 32386 | H28: 32499 | I28: 32610 | J28: 32723 | K28: 32835 | L28: 32949 | M28: 33065 | N28: 33183 | O28: 33299 | P28: 33417
A29: 38049 | B29: Rinconada | C29: 907 | D29: 897 | E29: 884 | F29: 870 | G29: 854 | H29: 839 | I29: 823 | J29: 807 | K29: 792 | L29: 776 | M29: 759 | N29: 743 | O29: 727 | P29: 710
A30: 38056 | B30: San Antonio | C30: 3373 | D30: 3389 | E30: 3410 | F30: 3433 | G30: 3458 | H30: 3483 | I30: 3508 | J30: 3533 | K30: 3559 | L30: 3584 | M30: 3611 | N30: 3637 | O30: 3663 | P30: 3690
A31: 38063 | B31: San Pedro | C31: 43046 | D31: 43102 | E31: 43173 | F31: 43253 | G31: 43340 | H31: 43429 | I31: 43516 | J31: 43605 | K31: 43693 | L31: 43782 | M31: 43874 | N31: 43966 | O31: 44058 | P31: 44150
A32: 38070 | B32: Santa Bárbara | C32: 10430 | D32: 10439 | E32: 10451 | F32: 10464 | G32: 10479 | H32: 10493 | I32: 10508 | J32: 10523 | K32: 10537 | L32: 10552 | M32: 10568 | N32: 10583 | O32: 10599 | P32: 10614
A33: 38077 | B33: Santa Catalina | C33: 1263 | D33: 1259 | E33: 1254 | F33: 1249 | G33: 1242 | H33: 1236 | I33: 1230 | J33: 1224 | K33: 1218 | L33: 1212 | M33: 1205 | N33: 1199 | O33: 1192 | P33: 1186
... A38: 38112 | B38: Yavi | C38: 12144 | D38: 12172 | E38: 12208 | F38: 12249 | G38: 12293 | H38: 12337 | I38: 12382 | J38: 12426 | K38: 12471 | L38: 12516 | M38: 12563 | N38: 12609 | O38: 12656 | P38: 12702
A40: Mujeres
A41: Código | B41: Departamento | C41: 2022 | D41: 2023 | E41: 2024 | F41: 2025 | G41: 2026 | H41: 2027 | I41: 2028 | J41: 2029 | K41: 2030 | L41: 2031 | M41: 2032 | N41: 2033 | O41: 2034 | P41: 2035
A42: 38007 | B42: Cochinoca | C42: 7607 | D42: 7619 | E42: 7633 | F42: 7649 | G42: 7666 | H42: 7682 | I42: 7699 | J42: 7715 | K42: 7731 | L42: 7747 | M42: 7763 | N42: 7780 | O42: 7796 | P42: 7812
A43: 38021 | B43: Dr. Manuel Belgrano | C43: 160989 | D43: 161315 | E43: 161698 | F43: 162138 | G43: 162590 | H43: 163042 | I43: 163491 | J43: 163933 | K43: 164369 | L43: 164811 | M43: 165257 | N43: 165700 | O43: 166140 | P43: 166573
A44: 38014 | B44: El Carmen | C44: 59774 | D44: 59958 | E44: 60173 | F44: 60419 | G44: 60673 | H44: 60927 | I44: 61179 | J44: 61426 | K44: 61671 | L44: 61920 | M44: 62170 | N44: 62418 | O44: 62665 | P44: 62908
A45: 38028 | B45: Humahuaca | C45: 10555 | D45: 10578 | E45: 10606 | F45: 10637 | G45: 10669 | H45: 10701 | I45: 10733 | J45: 10764 | K45: 10795 | L45: 10827 | M45: 10858 | N45: 10890 | O45: 10921 | P45: 10952
A46: 38035 | B46: Ledesma | C46: 45834 | D46: 45890 | E46: 45955 | F46: 46029 | G46: 46106 | H46: 46183 | I46: 46259 | J46: 46334 | K46: 46408 | L46: 46483 | M46: 46559 | N46: 46634 | O46: 46708 | P46: 46782
A47: 38042 | B47: Palpalá | C47: 32234 | D47: 32317 | E47: 32414 | F47: 32526 | G47: 32641 | H47: 32756 | I47: 32870 | J47: 32982 | K47: 33093 | L47: 33205 | M47: 33319 | N47: 33431 | O47: 33543 | P47: 33653
A48: 38049 | B48: Rinconada | C48: 860 | D48: 855 | E48: 848 | F48: 840 | G48: 832 | H48: 824 | I48: 816 | J48: 809 | K48: 801 | L48: 793 | M48: 785 | N48: 777 | O48: 770 | P48: 762
A49: 38056 | B49: San Antonio | C49: 3226 | D49: 3245 | E49: 3266 | F49: 3291 | G49: 3317 | H49: 3342 | I49: 3367 | J49: 3392 | K49: 3417 | L49: 3442 | M49: 3467 | N49: 3492 | O49: 3517 | P49: 3541
A50: 38063 | B50: San Pedro | C50: 43448 | D50: 43516 | E50: 43596 | F50: 43688 | G50: 43782 | H50: 43876 | I50: 43970 | J50: 44062 | K50: 44153 | L50: 44245 | M50: 44338 | N50: 44431 | O50: 44522 | P50: 44613
A51: 38070 | B51: Santa Bárbara | C51: 9681 | D51: 9694 | E51: 9710 | F51: 9728 | G51: 9748 | H51: 9767 | I51: 9785 | J51: 9804 | K51: 9822 | L51: 9841 | M51: 9860 | N51: 9878 | O51: 9897 | P51: 9915
A52: 38077 | B52: Santa Catalina | C52: 1330 | D52: 1326 | E52: 1322 | F52: 1318 | G52: 1313 | H52: 1308 | I52: 1304 | J52: 1299 | K52: 1295 | L52: 1290 | M52: 1286 | N52: 1281 | O52: 1277 | P52: 1272
... A57: 38112 | B57: Yavi | C57: 13194 | D57: 13226 | E57: 13264 | F57: 13307 | G57: 13352 | H57: 13397 | I57: 13441 | J57: 13485 | K57: 13528 | L57: 13572 | M57: 13616 | N57: 13660 | O57: 13703 | P57: 13746
A59: Fuente: INDEC, estimaciones elaboradas con base en el Censo Nacional de Población, Hogares y Viviendas 2022.

Sheet 42-LA PAMPA
A1: Cuadro 11. Provincia de La Pampa. Población estimada al 1.° de julio de cada año calendario, por sexo, según departamento. Años 2022-2035
A2: Ambos sexos
A3: Código | B3: Departamento | C3: 2022 | D3: 2023 | E3: 2024 | F3: 2025 | G3: 2026 | H3: 2027 | I3: 2028 | J3: 2029 | K3: 2030 | L3: 2031 | M3: 2032 | N3: 2033 | O3: 2034 | P3: 2035
A4: 42007 | B4: Atreucó | C4: 11513 | D4: 11531 | E4: 11548 | F4: 11566 | G4: 11582 | H4: 11597 | I4: 11611 | J4: 11625 | K4: 11638 | L4: 11650 | M4: 11662 | N4: 11675 | O4: 11685 | P4: 11697
A5: 42014 | B5: Caleu Caleu | C5: 2699 | D5: 2706 | E5: 2713 | F5: 2719 | G5: 2725 | H5: 2731 | I5: 2736 | J5: 2741 | K5: 2746 | L5: 2751 | M5: 2755 | N5: 2760 | O5: 2765 | P5: 2769
A6: 42021 | B6: Capital | C6: 123600 | D6: 123926 | E6: 124238 | F6: 124548 | G6: 124840 | H6: 125114 | I6: 125376 | J6: 125619 | K6: 125854 | L6: 126081 | M6: 126305 | N6: 126520 | O6: 126725 | P6: 126926
A7: 42028 | B7: Catriló | C7: 8513 | D7: 8534 | E7: 8554 | F7: 8574 | G7: 8592 | H7: 8610 | I7: 8627 | J7: 8643 | K7: 8658 | L7: 8672 | M7: 8687 | N7: 8701 | O7: 8714 | P7: 8727
A8: 42049 | B8: Chalileo | C8: 2982 | D8: 2975 | E8: 2969 | F8: 2962 | G8: 2957 | H8: 2952 | I8: 2947 | J8: 2942 | K8: 2937 | L8: 2932 | M8: 2928 | N8: 2923 | O8: 2919 | P8: 2915
A9: 42056 | B9: Chapaleufú | C9: 12751 | D9: 12759 | E9: 12767 | F9: 12775 | G9: 12782 | H9: 12789 | I9: 12796 | J9: 12801 | K9: 12808 | L9: 12813 | M9: 12820 | N9: 12825 | O9: 12830 | P9: 12835
A10: 42063 | B10: Chical Co | C10: 1516 | D10: 1513 | E10: 1510 | F10: 1507 | G10: 1504 | H10: 1501 | I10: 1499 | J10: 1496 | K10: 1494 | L10: 1492 | M10: 1489 | N10: 1488 | O10: 1485 | P10: 1483
A11: 42035 | B11: Conhelo | C11: 15697 | D11: 15713 | E11: 15729 | F11: 15744 | G11: 15758 | H11: 15772 | I11: 15784 | J11: 15796 | K11: 15808 | L11: 15820 | M11: 15830 | N11: 15841 | O11: 15851 | P11: 15861
A12: 42042 | B12: Curacó | C12: 1155 | D12: 1156 | E12: 1157 | F12: 1158 | G12: 1159 | H12: 1160 | I12: 1161 | J12: 1162 | K12: 1163 | L12: 1164 | M12: 1164 | N12: 1165 | O12: 1166 | P12: 1166
A13: 42070 | B13: Guatraché | C13: 9839 | D13: 9848 | E13: 9858 | F13: 9867 | G13: 9876 | H13: 9884 | I13: 9891 | J13: 9899 | K13: 9906 | L13: 9914 | M13: 9920 | N13: 9926 | O13: 9933 | P13: 9939
A14: 42077 | B14: Hucal | C14: 8049 | D14: 8047 | E14: 8044 | F14: 8042 | G14: 8040 | H14: 8038 | I14: 8036 | J14: 8034 | K14: 8032 | L14: 8030 | M14: 8028 | N14: 8026 | O14: 8024 | P14: 8023
... A25: 42154 | B25: Utracán | C25: 18403 | D25: 18478 | E25: 18550 | F25: 18622 | G25: 18689 | H25: 18753 | I25: 18813 | J25: 18869 | K25: 18923 | L25: 18976 | M25: 19028 | N25: 19077 | O25: 19125 | P25: 19172
A27: Varones
A28: Código | B28: Departamento | C28: 2022 | D28: 2023 | E28: 2024 | F28: 2025 | G28: 2026 | H28: 2027 | I28: 2028 | J28: 2029 | K28: 2030 | L28: 2031 | M28: 2032 | N28: 2033 | O28: 2034 | P28: 2035
A29: 42007 | B29: Atreucó | C29: 5827 | D29: 5836 | E29: 5844 | F29: 5852 | G29: 5860 | H29: 5867 | I29: 5873 | J29: 5880 | K29: 5886 | L29: 5892 | M29: 5898 | N29: 5904 | O29: 5909 | P29: 5915
A30: 42014 | B30: Caleu Caleu | C30: 1374 | D30: 1377 | E30: 1380 | F30: 1383 | G30: 1385 | H30: 1387 | I30: 1389 | J30: 1391 | K30: 1393 | L30: 1395 | M30: 1397 | N30: 1399 | O30: 1401 | P30: 1403
A31: 42021 | B31: Capital | C31: 60202 | D31: 60371 | E31: 60522 | F31: 60672 | G31: 60810 | H31: 60946 | I31: 61071 | J31: 61190 | K31: 61305 | L31: 61419 | M31: 61532 | N31: 61638 | O31: 61744 | P31: 61845
A32: 42028 | B32: Catriló | C32: 4325 | D32: 4335 | E32: 4344 | F32: 4353 | G32: 4361 | H32: 4369 | I32: 4377 | J32: 4384 | K32: 4391 | L32: 4397 | M32: 4404 | N32: 4411 | O32: 4417 | P32: 4423
A33: 42049 | B33: Chalileo | C33: 1490 | D33: 1484 | E33: 1479 | F33: 1474 | G33: 1470 | H33: 1466 | I33: 1462 | J33: 1458 | K33: 1454 | L33: 1450 | M33: 1447 | N33: 1443 | O33: 1440 | P33: 1437
A34: 42056 | B34: Chapaleufú | C34: 6479 | D34: 6484 | E34: 6489 | F34: 6493 | G34: 6497 | H34: 6501 | I34: 6505 | J34: 6508 | K34: 6512 | L34: 6515 | M34: 6519 | N34: 6522 | O34: 6525 | P34: 6528
A35: 42063 | B35: Chical Co | C35: 786 | D35: 783 | E35: 781 | F35: 779 | G35: 777 | H35: 775 | I35: 773 | J35: 771 | K35: 770 | L35: 768 | M35: 766 | N35: 765 | O35: 763 | P35: 762
A36: 42035 | B36: Conhelo | C36: 7899 | D36: 7908 | E36: 7916 | F36: 7923 | G36: 7930 | H36: 7937 | I36: 7943 | J36: 7949 | K36: 7955 | L36: 7961 | M36: 7966 | N36: 7972 | O36: 7977 | P36: 7982
A37: 42042 | B37: Curacó | C37: 625 | D37: 624 | E37: 624 | F37: 623 | G37: 623 | H37: 623 | I37: 622 | J37: 622 | K37: 622 | L37: 622 | M37: 621 | N37: 621 | O37: 621 | P37: 620
A38: 42070 | B38: Guatraché | C38: 5004 | D38: 5009 | E38: 5014 | F38: 5019 | G38: 5023 | H38: 5027 | I38: 5031 | J38: 5035 | K38: 5039 | L38: 5043 | M38: 5046 | N38: 5049 | O38: 5053 | P38: 5056
A39: 42077 | B39: Hucal | C39: 4076 | D39: 4074 | E39: 4071 | F39: 4068 | G39: 4066 | H39: 4064 | I39: 4062 | J39: 4060 | K39: 4058 | L39: 4056 | M39: 4054 | N39: 4052 | O39: 4050 | P39: 4049
... A50: 42154 | B50: Utracán | C50: 9315 | D50: 9358 | E50: 9397 | F50: 9435 | G50: 9471 | H50: 9506 | I50: 9538 | J50: 9568 | K50: 9598 | L50: 9627 | M50: 9656 | N50: 9683 | O50: 9710 | P50: 9736
A52: Mujeres
A53: Código | B53: Departamento | C53: 2022 | D53: 2023 | E53: 2024 | F53: 2025 | G53: 2026 | H53: 2027 | I53: 2028 | J53: 2029 | K53: 2030 | L53: 2031 | M53: 2032 | N53: 2033 | O53: 2034 | P53: 2035
A54: 42007 | B54: Atreucó | C54: 5686 | D54: 5695 | E54: 5704 | F54: 5714 | G54: 5722 | H54: 5730 | I54: 5738 | J54: 5745 | K54: 5752 | L54: 5758 | M54: 5764 | N54: 5771 | O54: 5776 | P54: 5782
A55: 42014 | B55: Caleu Caleu | C55: 1325 | D55: 1329 | E55: 1333 | F55: 1336 | G55: 1340 | H55: 1344 | I55: 1347 | J55: 1350 | K55: 1353 | L55: 1356 | M55: 1358 | N55: 1361 | O55: 1364 | P55: 1366
A56: 42021 | B56: Capital | C56: 63398 | D56: 63555 | E56: 63716 | F56: 63876 | G56: 64030 | H56: 64168 | I56: 64305 | J56: 64429 | K56: 64549 | L56: 64662 | M56: 64773 | N56: 64882 | O56: 64981 | P56: 65081
A57: 42028 | B57: Catriló | C57: 4188 | D57: 4199 | E57: 4210 | F57: 4221 | G57: 4231 | H57: 4241 | I57: 4250 | J57: 4259 | K57: 4267 | L57: 4275 | M57: 4283 | N57: 4290 | O57: 4297 | P57: 4304
A58: 42049 | B58: Chalileo | C58: 1492 | D58: 1491 | E58: 1490 | F58: 1488 | G58: 1487 | H58: 1486 | I58: 1485 | J58: 1484 | K58: 1483 | L58: 1482 | M58: 1481 | N58: 1480 | O58: 1479 | P58: 1478
A59: 42056 | B59: Chapaleufú | C59: 6272 | D59: 6275 | E59: 6278 | F59: 6282 | G59: 6285 | H59: 6288 | I59: 6291 | J59: 6293 | K59: 6296 | L59: 6298 | M59: 6301 | N59: 6303 | O59: 6305 | P59: 6307
A60: 42063 | B60: Chical Co | C60: 730 | D60: 730 | E60: 729 | F60: 728 | G60: 727 | H60: 726 | I60: 726 | J60: 725 | K60: 724 | L60: 724 | M60: 723 | N60: 723 | O60: 722 | P60: 721
A61: 42035 | B61: Conhelo | C61: 7798 | D61: 7805 | E61: 7813 | F61: 7821 | G61: 7828 | H61: 7835 | I61: 7841 | J61: 7847 | K61: 7853 | L61: 7859 | M61: 7864 | N61: 7869 | O61: 7874 | P61: 7879
A62: 42042 | B62: Curacó | C62: 530 | D62: 532 | E62: 533 | F62: 535 | G62: 536 | H62: 537 | I62: 539 | J62: 540 | K62: 541 | L62: 542 | M62: 543 | N62: 544 | O62: 545 | P62: 546
A63: 42070 | B63: Guatraché | C63: 4835 | D63: 4839 | E63: 4844 | F63: 4848 | G63: 4853 | H63: 4857 | I63: 4860 | J63: 4864 | K63: 4867 | L63: 4871 | M63: 4874 | N63: 4877 | O63: 4880 | P63: 4883
A64: 42077 | B64: Hucal | C64: 3973 | D64: 3973 | E64: 3973 | F64: 3974 | G64: 3974 | H64: 3974 | I64: 3974 | J64: 3974 | K64: 3974 | L64: 3974 | M64: 3974 | N64: 3974 | O64: 3974 | P64: 3974
... A75: 42154 | B75: Utracán | C75: 9088 | D75: 9120 | E75: 9153 | F75: 9187 | G75: 9218 | H75: 9247 | I75: 9275 | J75: 9301 | K75: 9325 | L75: 9349 | M75: 9372 | N75: 9394 | O75: 9415 | P75: 9436
A77: Fuente: INDEC, estimaciones elaboradas con base en el Censo Nacional de Población, Hogares y Viviendas 2022.

Sheet 46-LA RIOJA
A1: Cuadro 12. Provincia de La Rioja. Población estimada al 1.° de julio de cada año calendario, por sexo, según departamento. Años 2022-2035
A2: Ambos sexos
A3: Código | B3: Departamento | C3: 2022 | D3: 2023 | E3: 2024 | F3: 2025 | G3: 2026 | H3: 2027 | I3: 2028 | J3: 2029 | K3: 2030 | L3: 2031 | M3: 2032 | N3: 2033 | O3: 2034 | P3: 2035
A4: 46007 | B4: Arauco | C4: 16883 | D4: 16902 | E4: 16922 | F4: 16943 | G4: 16963 | H4: 16981 | I4: 17000 | J4: 17017 | K4: 17034 | L4: 17051 | M4: 17067 | N4: 17084 | O4: 17099 | P4: 17115
A5: 46056 | B5: Ángel Vicente Peñaloza | C5: 3308 | D5: 3310 | E5: 3312 | F5: 3314 | G5: 3315 | H5: 3317 | I5: 3318 | J5: 3319 | K5: 3321 | L5: 3322 | M5: 3323 | N5: 3324 | O5: 3326 | P5: 3327
A6: 46014 | B6: Capital | C6: 219679 | D6: 220668 | E6: 221762 | F6: 222849 | G6: 223893 | H6: 224884 | I6: 225842 | J6: 226766 | K6: 227663 | L6: 228545 | M6: 229419 | N6: 230277 | O6: 231107 | P6: 231912
A7: 46021 | B7: Castro Barros | C7: 6032 | D7: 6085 | E7: 6142 | F7: 6199 | G7: 6254 | H7: 6306 | I7: 6357 | J7: 6405 | K7: 6452 | L7: 6499 | M7: 6544 | N7: 6589 | O7: 6633 | P7: 6676
A8: 46035 | B8: Chamical | C8: 16264 | D8: 16308 | E8: 16356 | F8: 16404 | G8: 16449 | H8: 16492 | I8: 16535 | J8: 16575 | K8: 16614 | L8: 16653 | M8: 16691 | N8: 16729 | O8: 16765 | P8: 16800
A9: 46042 | B9: Chilecito | C9: 61049 | D9: 61355 | E9: 61692 | F9: 62028 | G9: 62350 | H9: 62657 | I9: 62952 | J9: 63238 | K9: 63515 | L9: 63787 | M9: 64058 | N9: 64323 | O9: 64579 | P9: 64828
A10: 46049 | B10: Famatina | C10: 7275 | D10: 7310 | E10: 7351 | F10: 7390 | G10: 7428 | H10: 7465 | I10: 7499 | J10: 7533 | K10: 7565 | L10: 7597 | M10: 7629 | N10: 7661 | O10: 7691 | P10: 7720
A11: 46063 | B11: General Belgrano | C11: 7910 | D11: 7913 | E11: 7916 | F11: 7919 | G11: 7922 | H11: 7925 | I11: 7927 | J11: 7930 | K11: 7933 | L11: 7935 | M11: 7938 | N11: 7940 | O11: 7943 | P11: 7945
A12: 46028 | B12: General Felipe Varela | C12: 11815 | D12: 11869 | E12: 11929 | F12: 11988 | G12: 12045 | H12: 12100 | I12: 12152 | J12: 12202 | K12: 12253 | L12: 12301 | M12: 12348 | N12: 12395 | O12: 12441 | P12: 12485
A13: 46070 | B13: General Juan Facundo Quiroga | C13: 4176 | D13: 4169 | E13: 4161 | F13: 4153 | G13: 4145 | H13: 4138 | I13: 4131 | J13: 4123 | K13: 4117 | L13: 4111 | M13: 4105 | N13: 4098 | O13: 4091 | P13: 4086
A14: 46077 | B14: General Lamadrid | C14: 1958 | D14: 1962 | E14: 1966 | F14: 1971 | G14: 1975 | H14: 1979 | I14: 1983 | J14: 1987 | K14: 1990 | L14: 1995 | M14: 1998 | N14: 2001 | O14: 2004 | P14: 2008
... A21: 46098 | B21: Vinchina | C21: 2806 | D21: 2802 | E21: 2797 | F21: 2794 | G21: 2790 | H21: 2787 | I21: 2783 | J21: 2780 | K21: 2777 | L21: 2773 | M21: 2770 | N21: 2767 | O21: 2764 | P21: 2761
A23: Varones
A24: Código | B24: Departamento | C24: 2022 | D24: 2023 | E24: 2024 | F24: 2025 | G24: 2026 | H24: 2027 | I24: 2028 | J24: 2029 | K24: 2030 | L24: 2031 | M24: 2032 | N24: 2033 | O24: 2034 | P24: 2035
A25: 46007 | B25: Arauco | C25: 8521 | D25: 8529 | E25: 8537 | F25: 8546 | G25: 8554 | H25: 8562 | I25: 8570 | J25: 8577 | K25: 8584 | L25: 8591 | M25: 8598 | N25: 8605 | O25: 8612 | P25: 8619
A26: 46056 | B26: Ángel Vicente Peñaloza | C26: 1690 | D26: 1688 | E26: 1686 | F26: 1684 | G26: 1682 | H26: 1680 | I26: 1678 | J26: 1676 | K26: 1675 | L26: 1673 | M26: 1671 | N26: 1669 | O26: 1668 | P26: 1666
A27: 46014 | B27: Capital | C27: 108316 | D27: 108769 | E27: 109274 | F27: 109775 | G27: 110259 | H27: 110713 | I27: 111160 | J27: 111583 | K27: 112002 | L27: 112414 | M27: 112823 | N27: 113221 | O27: 113613 | P27: 113991
A28: 46021 | B28: Castro Barros | C28: 3021 | D28: 3044 | E28: 3069 | F28: 3094 | G28: 3119 | H28: 3141 | I28: 3164 | J28: 3185 | K28: 3206 | L28: 3227 | M28: 3247 | N28: 3267 | O28: 3287 | P28: 3306
A29: 46035 | B29: Chamical | C29: 8113 | D29: 8132 | E29: 8153 | F29: 8174 | G29: 8193 | H29: 8212 | I29: 8231 | J29: 8248 | K29: 8265 | L29: 8282 | M29: 8299 | N29: 8316 | O29: 8332 | P29: 8347
A30: 46042 | B30: Chilecito | C30: 30524 | D30: 30667 | E30: 30826 | F30: 30984 | G30: 31137 | H30: 31281 | I30: 31421 | J30: 31555 | K30: 31687 | L30: 31817 | M30: 31947 | N30: 32072 | O30: 32196 | P30: 32315
A31: 46049 | B31: Famatina | C31: 3748 | D31: 3765 | E31: 3785 | F31: 3804 | G31: 3823 | H31: 3841 | I31: 3858 | J31: 3874 | K31: 3890 | L31: 3906 | M31: 3922 | N31: 3938 | O31: 3953 | P31: 3967
A32: 46063 | B32: General Belgrano | C32: 3959 | D32: 3959 | E32: 3959 | F32: 3959 | G32: 3958 | H32: 3959 | I32: 3958 | J32: 3958 | K32: 3958 | L32: 3958 | M32: 3958 | N32: 3958 | O32: 3958 | P32: 3958
A33: 46028 | B33: General Felipe Varela | C33: 6090 | D33: 6118 | E33: 6149 | F33: 6180 | G33: 6210 | H33: 6239 | I33: 6266 | J33: 6292 | K33: 6319 | L33: 6344 | M33: 6369 | N33: 6394 | O33: 6418 | P33: 6442
A34: 46070 | B34: General Juan Facundo Quiroga | C34: 2221 | D34: 2218 | E34: 2214 | F34: 2210 | G34: 2206 | H34: 2202 | I34: 2199 | J34: 2195 | K34: 2192 | L34: 2189 | M34: 2186 | N34: 2183 | O34: 2179 | P34: 2177
A35: 46077 | B35: General Lamadrid | C35: 971 | D35: 972 | E35: 974 | F35: 976 | G35: 977 | H35: 978 | I35: 980 | J35: 981 | K35: 982 | L35: 984 | M35: 985 | N35: 986 | O35: 987 | P35: 988
... A42: 46098 | B42: Vinchina | C42: 1477 | D42: 1475 | E42: 1472 | F42: 1470 | G42: 1468 | H42: 1466 | I42: 1463 | J42: 1462 | K42: 1460 | L42: 1458 | M42: 1456 | N42: 1454 | O42: 1452 | P42: 1450
A44: Mujeres
A45: Código | B45: Departamento | C45: 2022 | D45: 2023 | E45: 2024 | F45: 2025 | G45: 2026 | H45: 2027 | I45: 2028 | J45: 2029 | K45: 2030 | L45: 2031 | M45: 2032 | N45: 2033 | O45: 2034 | P45: 2035
A46: 46007 | B46: Arauco | C46: 8362 | D46: 8373 | E46: 8385 | F46: 8397 | G46: 8409 | H46: 8419 | I46: 8430 | J46: 8440 | K46: 8450 | L46: 8460 | M46: 8469 | N46: 8479 | O46: 8487 | P46: 8496
A47: 46056 | B47: Ángel Vicente Peñaloza | C47: 1618 | D47: 1622 | E47: 1626 | F47: 1630 | G47: 1633 | H47: 1637 | I47: 1640 | J47: 1643 | K47: 1646 | L47: 1649 | M47: 1652 | N47: 1655 | O47: 1658 | P47: 1661
A48: 46014 | B48: Capital | C48: 111363 | D48: 111899 | E48: 112488 | F48: 113074 | G48: 113634 | H48: 114171 | I48: 114682 | J48: 115183 | K48: 115661 | L48: 116131 | M48: 116596 | N48: 117056 | O48: 117494 | P48: 117921
A49: 46021 | B49: Castro Barros | C49: 3011 | D49: 3041 | E49: 3073 | F49: 3105 | G49: 3135 | H49: 3165 | I49: 3193 | J49: 3220 | K49: 3246 | L49: 3272 | M49: 3297 | N49: 3322 | O49: 3346 | P49: 3370
A50: 46035 | B50: Chamical | C50: 8151 | D50: 8176 | E50: 8203 | F50: 8230 | G50: 8256 | H50: 8280 | I50: 8304 | J50: 8327 | K50: 8349 | L50: 8371 | M50: 8392 | N50: 8413 | O50: 8433 | P50: 8453
A51: 46042 | B51: Chilecito | C51: 30525 | D51: 30688 | E51: 30866 | F51: 31044 | G51: 31213 | H51: 31376 | I51: 31531 | J51: 31683 | K51: 31828 | L51: 31970 | M51: 32111 | N51: 32251 | O51: 32383 | P51: 32513
A52: 46049 | B52: Famatina | C52: 3527 | D52: 3545 | E52: 3566 | F52: 3586 | G52: 3605 | H52: 3624 | I52: 3641 | J52: 3659 | K52: 3675 | L52: 3691 | M52: 3707 | N52: 3723 | O52: 3738 | P52: 3753
A53: 46063 | B53: General Belgrano | C53: 3951 | D53: 3954 | E53: 3957 | F53: 3960 | G53: 3964 | H53: 3966 | I53: 3969 | J53: 3972 | K53: 3975 | L53: 3977 | M53: 3980 | N53: 3982 | O53: 3985 | P53: 3987
A54: 46028 | B54: General Felipe Varela | C54: 5725 | D54: 5751 | E54: 5780 | F54: 5808 | G54: 5835 | H54: 5861 | I54: 5886 | J54: 5910 | K54: 5934 | L54: 5957 | M54: 5979 | N54: 6001 | O54: 6023 | P54: 6043
A55: 46070 | B55: General Juan Facundo Quiroga | C55: 1955 | D55: 1951 | E55: 1947 | F55: 1943 | G55: 1939 | H55: 1936 | I55: 1932 | J55: 1928 | K55: 1925 | L55: 1922 | M55: 1919 | N55: 1915 | O55: 1912 | P55: 1909
A56: 46077 | B56: General Lamadrid | C56: 987 | D56: 990 | E56: 992 | F56: 995 | G56: 998 | H56: 1001 | I56: 1003 | J56: 1006 | K56: 1008 | L56: 1011 | M56: 1013 | N56: 1015 | O56: 1017 | P56: 1020
... A63: 46098 | B63: Vinchina | C63: 1329 | D63: 1327 | E63: 1325 | F63: 1324 | G63: 1322 | H63: 1321 | I63: 1320 | J63: 1318 | K63: 1317 | L63: 1315 | M63: 1314 | N63: 1313 | O63: 1312 | P63: 1311
A65: Fuente: INDEC, estimaciones elaboradas con base en el Censo Nacional de Población, Hogares y Viviendas 2022.

Sheet 50-MENDOZA
A1: Cuadro 13. Provincia de Mendoza. Población estimada al 1.° de julio de cada año calendario, por sexo, según departamento. Años 2022-2035
A2: Ambos sexos
A3: Código | B3: Departamento | C3: 2022 | D3: 2023 | E3: 2024 | F3: 2025 | G3: 2026 | H3: 2027 | I3: 2028 | J3: 2029 | K3: 2030 | L3: 2031 | M3: 2032 | N3: 2033 | O3: 2034 | P3: 2035
A4: 50007 | B4: Capital | C4: 126317 | D4: 126422 | E4: 126541 | F4: 126658 | G4: 126771 | H4: 126877 | I4: 126977 | J4: 127073 | K4: 127169 | L4: 127266 | M4: 127366 | N4: 127469 | O4: 127573 | P4: 127679
A5: 50014 | B5: General Alvear | C5: 52248 | D5: 52318 | E5: 52396 | F5: 52474 | G5: 52547 | H5: 52617 | I5: 52681 | J5: 52742 | K5: 52803 | L5: 52866 | M5: 52930 | N5: 52995 | O5: 53062 | P5: 53130
A6: 50021 | B6: Godoy Cruz | C6: 196010 | D6: 196004 | E6: 195996 | F6: 195989 | G6: 195982 | H6: 195975 | I6: 195967 | J6: 195961 | K6: 195953 | L6: 195945 | M6: 195938 | N6: 195930 | O6: 195921 | P6: 195913
A7: 50028 | B7: Guaymallén | C7: 319890 | D7: 320346 | E7: 320858 | F7: 321364 | G7: 321848 | H7: 322300 | I7: 322723 | J7: 323129 | K7: 323532 | L7: 323944 | M7: 324364 | N7: 324795 | O7: 325233 | P7: 325681
A8: 50035 | B8: Junín | C8: 46318 | D8: 46455 | E8: 46611 | F8: 46764 | G8: 46911 | H8: 47047 | I8: 47175 | J8: 47297 | K8: 47419 | L8: 47542 | M8: 47669 | N8: 47799 | O8: 47931 | P8: 48066
A9: 50042 | B9: La Paz | C9: 12014 | D9: 12045 | E9: 12080 | F9: 12114 | G9: 12147 | H9: 12178 | I9: 12208 | J9: 12234 | K9: 12262 | L9: 12290 | M9: 12319 | N9: 12348 | O9: 12378 | P9: 12409
A10: 50049 | B10: Las Heras | C10: 232872 | D10: 233266 | E10: 233711 | F10: 234148 | G10: 234568 | H10: 234959 | I10: 235324 | J10: 235675 | K10: 236023 | L10: 236378 | M10: 236740 | N10: 237111 | O10: 237490 | P10: 237876
A11: 50056 | B11: Lavalle | C11: 46892 | D11: 47068 | E11: 47268 | F11: 47463 | G11: 47651 | H11: 47826 | I11: 47991 | J11: 48147 | K11: 48303 | L11: 48461 | M11: 48624 | N11: 48790 | O11: 48959 | P11: 49132
A12: 50063 | B12: Luján de Cuyo | C12: 174015 | D12: 175046 | E12: 176208 | F12: 177354 | G12: 178452 | H12: 179477 | I12: 180435 | J12: 181353 | K12: 182266 | L12: 183199 | M12: 184151 | N12: 185125 | O12: 186117 | P12: 187131
A13: 50070 | B13: Maipú | C13: 218042 | D13: 218826 | E13: 219710 | F13: 220580 | G13: 221414 | H13: 222190 | I13: 222916 | J13: 223611 | K13: 224301 | L13: 225008 | M13: 225727 | N13: 226464 | O13: 227214 | P13: 227981
A14: 50077 | B14: Malargüe | C14: 32522 | D14: 32596 | E14: 32679 | F14: 32760 | G14: 32838 | H14: 32910 | I14: 32978 | J14: 33042 | K14: 33107 | L14: 33173 | M14: 33239 | N14: 33307 | O14: 33377 | P14: 33448
... A21: 50126 | B21: Tupungato | C21: 41039 | D21: 41185 | E21: 41350 | F21: 41512 | G21: 41668 | H21: 41812 | I21: 41948 | J21: 42078 | K21: 42207 | L21: 42338 | M21: 42473 | N21: 42610 | O21: 42750 | P21: 42893
A23: Varones
A24: Código | B24: Departamento | C24: 2022 | D24: 2023 | E24: 2024 | F24: 2025 | G24: 2026 | H24: 2027 | I24: 2028 | J24: 2029 | K24: 2030 | L24: 2031 | M24: 2032 | N24: 2033 | O24: 2034 | P24: 2035
A25: 50007 | B25: Capital | C25: 60900 | D25: 60977 | E25: 61065 | F25: 61152 | G25: 61237 | H25: 61317 | I25: 61393 | J25: 61466 | K25: 61540 | L25: 61614 | M25: 61691 | N25: 61770 | O25: 61850 | P25: 61931
A26: 50014 | B26: General Alvear | C26: 25459 | D26: 25493 | E26: 25532 | F26: 25570 | G26: 25607 | H26: 25643 | I26: 25676 | J26: 25708 | K26: 25740 | L26: 25773 | M26: 25807 | N26: 25841 | O26: 25877 | P26: 25913
A27: 50021 | B27: Godoy Cruz | C27: 92881 | D27: 92862 | E27: 92840 | F27: 92819 | G27: 92798 | H27: 92779 | I27: 92760 | J27: 92743 | K27: 92725 | L27: 92706 | M27: 92688 | N27: 92669 | O27: 92649 | P27: 92629
A28: 50028 | B28: Guaymallén | C28: 156524 | D28: 156776 | E28: 157063 | F28: 157346 | G28: 157620 | H28: 157881 | I28: 158127 | J28: 158365 | K28: 158603 | L28: 158846 | M28: 159095 | N28: 159350 | O28: 159610 | P28: 159876
A29: 50035 | B29: Junín | C29: 22965 | D29: 23036 | E29: 23118 | F29: 23199 | G29: 23277 | H29: 23351 | I29: 23422 | J29: 23489 | K29: 23557 | L29: 23626 | M29: 23697 | N29: 23770 | O29: 23844 | P29: 23920
A30: 50042 | B30: La Paz | C30: 6024 | D30: 6041 | E30: 6060 | F30: 6078 | G30: 6096 | H30: 6113 | I30: 6130 | J30: 6145 | K30: 6161 | L30: 6177 | M30: 6193 | N30: 6210 | O30: 6227 | P30: 6245
A31: 50049 | B31: Las Heras | C31: 114358 | D31: 114563 | E31: 114799 | F31: 115030 | G31: 115255 | H31: 115469 | I31: 115670 | J31: 115865 | K31: 116060 | L31: 116259 | M31: 116462 | N31: 116671 | O31: 116884 | P31: 117102
A32: 50056 | B32: Lavalle | C32: 23713 | D32: 23803 | E32: 23907 | F32: 24008 | G32: 24107 | H32: 24201 | I32: 24290 | J32: 24375 | K32: 24461 | L32: 24548 | M32: 24638 | N32: 24730 | O32: 24823 | P32: 24919
A33: 50063 | B33: Luján de Cuyo | C33: 87417 | D33: 87980 | E33: 88622 | F33: 89255 | G33: 89869 | H33: 90454 | I33: 91005 | J33: 91536 | K33: 92069 | L33: 92614 | M33: 93171 | N33: 93742 | O33: 94323 | P33: 94919
A34: 50070 | B34: Maipú | C34: 107595 | D34: 107993 | E34: 108448 | F34: 108895 | G34: 109330 | H34: 109743 | I34: 110133 | J34: 110509 | K34: 110886 | L34: 111272 | M34: 111666 | N34: 112070 | O34: 112481 | P34: 112903
A35: 50077 | B35: Malargüe | C35: 16324 | D35: 16356 | E35: 16392 | F35: 16428 | G35: 16463 | H35: 16496 | I35: 16527 | J35: 16557 | K35: 16588 | L35: 16619 | M35: 16650 | N35: 16682 | O35: 16715 | P35: 16749
... A42: 50126 | B42: Tupungato | C42: 20845 | D42: 20920 | E42: 21006 | F42: 21091 | G42: 21173 | H42: 21251 | I42: 21325 | J42: 21397 | K42: 21468 | L42: 21541 | M42: 21616 | N42: 21692 | O42: 21770 | P42: 21850
A44: Mujeres
A45: Código | B45: Departamento | C45: 2022 | D45: 2023 | E45: 2024 | F45: 2025 | G45: 2026 | H45: 2027 | I45: 2028 | J45: 2029 | K45: 2030 | L45: 2031 | M45: 2032 | N45: 2033 | O45: 2034 | P45: 2035
A46: 50007 | B46: Capital | C46: 65417 | D46: 65445 | E46: 65476 | F46: 65506 | G46: 65534 | H46: 65560 | I46: 65584 | J46: 65607 | K46: 65629 | L46: 65652 | M46: 65675 | N46: 65699 | O46: 65723 | P46: 65748
A47: 50014 | B47: General Alvear | C47: 26789 | D47: 26825 | E47: 26864 | F47: 26904 | G47: 26940 | H47: 26974 | I47: 27005 | J47: 27034 | K47: 27063 | L47: 27093 | M47: 27123 | N47: 27154 | O47: 27185 | P47: 27217
A48: 50021 | B48: Godoy Cruz | C48: 103129 | D48: 103142 | E48: 103156 | F48: 103170 | G48: 103184 | H48: 103196 | I48: 103207 | J48: 103218 | K48: 103228 | L48: 103239 | M48: 103250 | N48: 103261 | O48: 103272 | P48: 103284
A49: 50028 | B49: Guaymallén | C49: 163366 | D49: 163570 | E49: 163795 | F49: 164018 | G49: 164228 | H49: 164419 | I49: 164596 | J49: 164764 | K49: 164929 | L49: 165098 | M49: 165269 | N49: 165445 | O49: 165623 | P49: 165805
A50: 50035 | B50: Junín | C50: 23353 | D50: 23419 | E50: 23493 | F50: 23565 | G50: 23634 | H50: 23696 | I50: 23753 | J50: 23808 | K50: 23862 | L50: 23916 | M50: 23972 | N50: 24029 | O50: 24087 | P50: 24146
A51: 50042 | B51: La Paz | C51: 5990 | D51: 6004 | E51: 6020 | F51: 6036 | G51: 6051 | H51: 6065 | I51: 6078 | J51: 6089 | K51: 6101 | L51: 6113 | M51: 6126 | N51: 6138 | O51: 6151 | P51: 6164
A52: 50049 | B52: Las Heras | C52: 118514 | D52: 118703 | E52: 118912 | F52: 119118 | G52: 119313 | H52: 119490 | I52: 119654 | J52: 119810 | K52: 119963 | L52: 120119 | M52: 120278 | N52: 120440 | O52: 120606 | P52: 120774
A53: 50056 | B53: Lavalle | C53: 23179 | D53: 23265 | E53: 23361 | F53: 23455 | G53: 23544 | H53: 23625 | I53: 23701 | J53: 23772 | K53: 23842 | L53: 23913 | M53: 23986 | N53: 24060 | O53: 24136 | P53: 24213
A54: 50063 | B54: Luján de Cuyo | C54: 86598 | D54: 87066 | E54: 87586 | F54: 88099 | G54: 88583 | H54: 89023 | I54: 89430 | J54: 89817 | K54: 90197 | L54: 90585 | M54: 90980 | N54: 91383 | O54: 91794 | P54: 92212
A55: 50070 | B55: Maipú | C55: 110447 | D55: 110833 | E55: 111262 | F55: 111685 | G55: 112084 | H55: 112447 | I55: 112783 | J55: 113102 | K55: 113415 | L55: 113736 | M55: 114061 | N55: 114394 | O55: 114733 | P55: 115078
A56: 50077 | B56: Malargüe | C56: 16198 | D56: 16240 | E56: 16287 | F56: 16332 | G56: 16375 | H56: 16414 | I56: 16451 | J56: 16485 | K56: 16519 | L56: 16554 | M56: 16589 | N56: 16625 | O56: 16662 | P56: 16699
... A63: 50126 | B63: Tupungato | C63: 20194 | D63: 20265 | E63: 20344 | F63: 20421 | G63: 20495 | H63: 20561 | I63: 20623 | J63: 20681 | K63: 20739 | L63: 20797 | M63: 20857 | N63: 20918 | O63: 20980 | P63: 21043
A65: Fuente: INDEC, estimaciones elaboradas con base en el Censo Nacional de Población, Hogares y Viviendas 2022.

Sheet 54-MISIONES
A1: Cuadro 14. Provincia de Misiones. Población estimada al 1.° de julio de cada año calendario, por sexo, según departamento. Años 2022-2035
A2: Ambos sexos
A3: Código | B3: Departamento | C3: 2022 | D3: 2023 | E3: 2024 | F3: 2025 | G3: 2026 | H3: 2027 | I3: 2028 | J3: 2029 | K3: 2030 | L3: 2031 | M3: 2032 | N3: 2033 | O3: 2034 | P3: 2035
A4: 54007 | B4: Apóstoles | C4: 51975 | D4: 52426 | E4: 52936 | F4: 53452 | G4: 53964 | H4: 54469 | I4: 54969 | J4: 55456 | K4: 55929 | L4: 56393 | M4: 56848 | N4: 57294 | O4: 57731 | P4: 58158
A5: 54014 | B5: Cainguás | C5: 61609 | D5: 61946 | E5: 62327 | F5: 62712 | G5: 63094 | H5: 63472 | I5: 63843 | J5: 64207 | K5: 64560 | L5: 64906 | M5: 65246 | N5: 65578 | O5: 65904 | P5: 66222
A6: 54021 | B6: Candelaria | C6: 36283 | D6: 36745 | E6: 37267 | F6: 37794 | G6: 38318 | H6: 38833 | I6: 39343 | J6: 39840 | K6: 40323 | L6: 40796 | M6: 41261 | N6: 41717 | O6: 42162 | P6: 42598
A7: 54028 | B7: Capital | C7: 403396 | D7: 407092 | E7: 411277 | F7: 415505 | G7: 419703 | H7: 423841 | I7: 427928 | J7: 431918 | K7: 435795 | L7: 439597 | M7: 443326 | N7: 446980 | O7: 450555 | P7: 454053
A8: 54035 | B8: Concepción | C8: 10631 | D8: 10667 | E8: 10709 | F8: 10750 | G8: 10791 | H8: 10832 | I8: 10871 | J8: 10910 | K8: 10948 | L8: 10986 | M8: 11022 | N8: 11058 | O8: 11093 | P8: 11127
A9: 54042 | B9: Eldorado | C9: 94217 | D9: 94939 | E9: 95757 | F9: 96582 | G9: 97400 | H9: 98207 | I9: 99005 | J9: 99782 | K9: 100538 | L9: 101280 | M9: 102007 | N9: 102719 | O9: 103417 | P9: 104098
A10: 54049 | B10: General Manuel Belgrano | C10: 46825 | D10: 46952 | E10: 47092 | F10: 47232 | G10: 47371 | H10: 47509 | I10: 47644 | J10: 47776 | K10: 47904 | L10: 48029 | M10: 48152 | N10: 48273 | O10: 48390 | P10: 48506
A11: 54056 | B11: Guaraní | C11: 79286 | D11: 79772 | E11: 80321 | F11: 80873 | G11: 81421 | H11: 81961 | I11: 82494 | J11: 83015 | K11: 83522 | L11: 84018 | M11: 84504 | N11: 84981 | O11: 85448 | P11: 85904
A12: 54063 | B12: Iguazú | C12: 102829 | D12: 103811 | E12: 104921 | F12: 106041 | G12: 107155 | H12: 108251 | I12: 109334 | J12: 110393 | K12: 111420 | L12: 112427 | M12: 113416 | N12: 114384 | O12: 115331 | P12: 116258
A13: 54070 | B13: Leandro N. Alem | C13: 51156 | D13: 51391 | E13: 51656 | F13: 51923 | G13: 52188 | H13: 52450 | I13: 52709 | J13: 52961 | K13: 53206 | L13: 53447 | M13: 53682 | N13: 53913 | O13: 54140 | P13: 54360
A14: 54077 | B14: Libertador General San Martín | C14: 53864 | D14: 54164 | E14: 54504 | F14: 54847 | G14: 55187 | H14: 55522 | I14: 55853 | J14: 56177 | K14: 56491 | L14: 56800 | M14: 57102 | N14: 57398 | O14: 57687 | P14: 57971
... A20: 54119 | B20: 25 de Mayo | C20: 31744 | D20: 31899 | E20: 32073 | F20: 32250 | G20: 32425 | H20: 32598 | I20: 32769 | J20: 32935 | K20: 33097 | L20: 33256 | M20: 33411 | N20: 33563 | O20: 33713 | P20: 33859
A22: Varones
A23: Código | B23: Departamento | C23: 2022 | D23: 2023 | E23: 2024 | F23: 2025 | G23: 2026 | H23: 2027 | I23: 2028 | J23: 2029 | K23: 2030 | L23: 2031 | M23: 2032 | N23: 2033 | O23: 2034 | P23: 2035
A24: 54007 | B24: Apóstoles | C24: 25886 | D24: 26110 | E24: 26375 | F24: 26650 | G24: 26924 | H24: 27193 | I24: 27461 | J24: 27721 | K24: 27974 | L24: 28223 | M24: 28467 | N24: 28706 | O24: 28941 | P24: 29171
A25: 54014 | B25: Cainguás | C25: 31475 | D25: 31631 | E25: 31816 | F25: 32008 | G25: 32199 | H25: 32388 | I25: 32574 | J25: 32756 | K25: 32933 | L25: 33106 | M25: 33277 | N25: 33444 | O25: 33608 | P25: 33768
A26: 54021 | B26: Candelaria | C26: 18174 | D26: 18387 | E26: 18639 | F26: 18901 | G26: 19161 | H26: 19417 | I26: 19671 | J26: 19919 | K26: 20159 | L26: 20395 | M26: 20627 | N26: 20855 | O26: 21078 | P26: 21297
A27: 54028 | B27: Capital | C27: 194898 | D27: 196674 | E27: 198779 | F27: 200964 | G27: 203136 | H27: 205276 | I27: 207395 | J27: 209462 | K27: 211472 | L27: 213445 | M27: 215382 | N27: 217283 | O27: 219144 | P27: 220969
A28: 54035 | B28: Concepción | C28: 5357 | D28: 5375 | E28: 5397 | F28: 5419 | G28: 5441 | H28: 5463 | I28: 5484 | J28: 5505 | K28: 5526 | L28: 5546 | M28: 5566 | N28: 5585 | O28: 5604 | P28: 5622
A29: 54042 | B29: Eldorado | C29: 46743 | D29: 47074 | E29: 47467 | F29: 47875 | G29: 48280 | H29: 48679 | I29: 49075 | J29: 49460 | K29: 49835 | L29: 50204 | M29: 50565 | N29: 50919 | O29: 51267 | P29: 51607
A30: 54049 | B30: General Manuel Belgrano | C30: 23825 | D30: 23857 | E30: 23895 | F30: 23934 | G30: 23973 | H30: 24012 | I30: 24050 | J30: 24087 | K30: 24123 | L30: 24158 | M30: 24193 | N30: 24227 | O30: 24260 | P30: 24293
A31: 54056 | B31: Guaraní | C31: 40343 | D31: 40550 | E31: 40796 | F31: 41051 | G31: 41304 | H31: 41554 | I31: 41801 | J31: 42042 | K31: 42277 | L31: 42507 | M31: 42733 | N31: 42955 | O31: 43172 | P31: 43385
A32: 54063 | B32: Iguazú | C32: 51404 | D32: 51861 | E32: 52403 | F32: 52965 | G32: 53525 | H32: 54076 | I32: 54621 | J32: 55154 | K32: 55671 | L32: 56179 | M32: 56678 | N32: 57167 | O32: 57646 | P32: 58116
A33: 54070 | B33: Leandro N. Alem | C33: 25569 | D33: 25676 | E33: 25802 | F33: 25933 | G33: 26063 | H33: 26192 | I33: 26319 | J33: 26443 | K33: 26564 | L33: 26682 | M33: 26798 | N33: 26912 | O33: 27024 | P33: 27133
A34: 54077 | B34: Libertador General San Martín | C34: 27065 | D34: 27200 | E34: 27361 | F34: 27528 | G34: 27694 | H34: 27857 | I34: 28019 | J34: 28177 | K34: 28331 | L34: 28482 | M34: 28630 | N34: 28775 | O34: 28917 | P34: 29057
... A40: 54119 | B40: 25 de Mayo | C40: 16189 | D40: 16255 | E40: 16333 | F40: 16415 | G40: 16496 | H40: 16576 | I40: 16655 | J40: 16732 | K40: 16807 | L40: 16881 | M40: 16953 | N40: 17024 | O40: 17094 | P40: 17162
A42: Mujeres
A43: Código | B43: Departamento | C43: 2022 | D43: 2023 | E43: 2024 | F43: 2025 | G43: 2026 | H43: 2027 | I43: 2028 | J43: 2029 | K43: 2030 | L43: 2031 | M43: 2032 | N43: 2033 | O43: 2034 | P43: 2035
A44: 54007 | B44: Apóstoles | C44: 26089 | D44: 26316 | E44: 26561 | F44: 26802 | G44: 27040 | H44: 27276 | I44: 27508 | J44: 27735 | K44: 27955 | L44: 28170 | M44: 28381 | N44: 28588 | O44: 28790 | P44: 28987
A45: 54014 | B45: Cainguás | C45: 30134 | D45: 30315 | E45: 30511 | F45: 30704 | G45: 30895 | H45: 31084 | I45: 31269 | J45: 31451 | K45: 31627 | L45: 31800 | M45: 31969 | N45: 32134 | O45: 32296 | P45: 32454
A46: 54021 | B46: Candelaria | C46: 18109 | D46: 18358 | E46: 18628 | F46: 18893 | G46: 19157 | H46: 19416 | I46: 19672 | J46: 19921 | K46: 20164 | L46: 20401 | M46: 20634 | N46: 20862 | O46: 21084 | P46: 21301
A47: 54028 | B47: Capital | C47: 208498 | D47: 210418 | E47: 212498 | F47: 214541 | G47: 216567 | H47: 218565 | I47: 220533 | J47: 222456 | K47: 224323 | L47: 226152 | M47: 227944 | N47: 229697 | O47: 231411 | P47: 233084
A48: 54035 | B48: Concepción | C48: 5274 | D48: 5292 | E48: 5312 | F48: 5331 | G48: 5350 | H48: 5369 | I48: 5387 | J48: 5405 | K48: 5422 | L48: 5440 | M48: 5456 | N48: 5473 | O48: 5489 | P48: 5505
A49: 54042 | B49: Eldorado | C49: 47474 | D49: 47865 | E49: 48290 | F49: 48707 | G49: 49120 | H49: 49528 | I49: 49930 | J49: 50322 | K49: 50703 | L49: 51076 | M49: 51442 | N49: 51800 | O49: 52150 | P49: 52491
A50: 54049 | B50: General Manuel Belgrano | C50: 23000 | D50: 23095 | E50: 23197 | F50: 23298 | G50: 23398 | H50: 23497 | I50: 23594 | J50: 23689 | K50: 23781 | L50: 23871 | M50: 23959 | N50: 24046 | O50: 24130 | P50: 24213
A51: 54056 | B51: Guaraní | C51: 38943 | D51: 39222 | E51: 39525 | F51: 39822 | G51: 40117 | H51: 40407 | I51: 40693 | J51: 40973 | K51: 41245 | L51: 41511 | M51: 41771 | N51: 42026 | O51: 42276 | P51: 42519
A52: 54063 | B52: Iguazú | C52: 51425 | D52: 51950 | E52: 52518 | F52: 53076 | G52: 53630 | H52: 54175 | I52: 54713 | J52: 55239 | K52: 55749 | L52: 56248 | M52: 56738 | N52: 57217 | O52: 57685 | P52: 58142
A53: 54070 | B53: Leandro N. Alem | C53: 25587 | D53: 25715 | E53: 25854 | F53: 25990 | G53: 26125 | H53: 26258 | I53: 26390 | J53: 26518 | K53: 26642 | L53: 26765 | M53: 26884 | N53: 27001 | O53: 27116 | P53: 27227
A54: 54077 | B54: Libertador General San Martín | C54: 26799 | D54: 26964 | E54: 27143 | F54: 27319 | G54: 27493 | H54: 27665 | I54: 27834 | J54: 28000 | K54: 28160 | L54: 28318 | M54: 28472 | N54: 28623 | O54: 28770 | P54: 28914
... A60: 54119 | B60: 25 de Mayo | C60: 15555 | D60: 15644 | E60: 15740 | F60: 15835 | G60: 15929 | H60: 16022 | I60: 16114 | J60: 16203 | K60: 16290 | L60: 16375 | M60: 16458 | N60: 16539 | O60: 16619 | P60: 16697
A62: Fuente: INDEC, estimaciones elaboradas con base en el Censo Nacional de Población, Hogares y Viviendas 2022.

Sheet 58-NEUQUÉN
A1: Cuadro 15. Provincia del Neuquén. Población estimada al 1.° de julio de cada año calendario, por sexo, según departamento. Años 2022-2035
A2: Ambos sexos
A3: Código | B3: Departamento | C3: 2022 | D3: 2023 | E3: 2024 | F3: 2025 | G3: 2026 | H3: 2027 | I3: 2028 | J3: 2029 | K3: 2030 | L3: 2031 | M3: 2032 | N3: 2033 | O3: 2034 | P3: 2035
A4: 58007 | B4: Aluminé | C4: 9934 | D4: 9987 | E4: 10037 | F4: 10086 | G4: 10135 | H4: 10181 | I4: 10226 | J4: 10269 | K4: 10313 | L4: 10355 | M4: 10397 | N4: 10439 | O4: 10480 | P4: 10521
A5: 58014 | B5: Añelo | C5: 17622 | D5: 17902 | E5: 18167 | F5: 18429 | G5: 18682 | H5: 18927 | I5: 19165 | J5: 19396 | K5: 19624 | L5: 19849 | M5: 20072 | N5: 20292 | O5: 20510 | P5: 20727
A6: 58021 | B6: Catán Lil | C6: 2596 | D6: 2589 | E6: 2583 | F6: 2577 | G6: 2571 | H6: 2565 | I6: 2559 | J6: 2554 | K6: 2548 | L6: 2543 | M6: 2538 | N6: 2533 | O6: 2527 | P6: 2522
A7: 58042 | B7: Chos Malal | C7: 17809 | D7: 17882 | E7: 17952 | F7: 18020 | G7: 18087 | H7: 18151 | I7: 18213 | J7: 18274 | K7: 18334 | L7: 18392 | M7: 18451 | N7: 18509 | O7: 18566 | P7: 18622
A8: 58028 | B8: Collón Curá | C8: 4689 | D8: 4684 | E8: 4678 | F8: 4673 | G8: 4668 | H8: 4663 | I8: 4658 | J8: 4654 | K8: 4650 | L8: 4645 | M8: 4641 | N8: 4636 | O8: 4632 | P8: 4629
A9: 58035 | B9: Confluencia | C9: 454524 | D9: 457663 | E9: 460641 | F9: 463573 | G9: 466420 | H9: 469165 | I9: 471830 | J9: 474425 | K9: 476977 | L9: 479506 | M9: 482002 | N9: 484480 | O9: 486924 | P9: 489356
A10: 58049 | B10: Huiliches | C10: 20338 | D10: 20550 | E10: 20751 | F10: 20949 | G10: 21142 | H10: 21327 | I10: 21506 | J10: 21682 | K10: 21855 | L10: 22026 | M10: 22194 | N10: 22362 | O10: 22527 | P10: 22691
A11: 58056 | B11: Lácar | C11: 38391 | D11: 38701 | E11: 38996 | F11: 39286 | G11: 39568 | H11: 39840 | I11: 40104 | J11: 40361 | K11: 40613 | L11: 40864 | M11: 41111 | N11: 41356 | O11: 41598 | P11: 41839
A12: 58063 | B12: Loncopué | C12: 7465 | D12: 7471 | E12: 7476 | F12: 7482 | G12: 7486 | H12: 7491 | I12: 7496 | J12: 7500 | K12: 7504 | L12: 7509 | M12: 7514 | N12: 7517 | O12: 7522 | P12: 7526
A13: 58070 | B13: Los Lagos | C13: 15085 | D13: 15198 | E13: 15306 | F13: 15413 | G13: 15515 | H13: 15614 | I13: 15711 | J13: 15806 | K13: 15898 | L13: 15989 | M13: 16080 | N13: 16169 | O13: 16257 | P13: 16346
A14: 58077 | B14: Minas | C14: 8989 | D14: 9043 | E14: 9094 | F14: 9145 | G14: 9194 | H14: 9241 | I14: 9287 | J14: 9332 | K14: 9375 | L14: 9419 | M14: 9462 | N14: 9505 | O14: 9548 | P14: 9589
A15: 58084 | B15: Ñorquín | C15: 5441 | D15: 5426 | E15: 5412 | F15: 5400 | G15: 5386 | H15: 5374 | I15: 5363 | J15: 5350 | K15: 5339 | L15: 5328 | M15: 5316 | N15: 5305 | O15: 5294 | P15: 5283
A16: 58091 | B16: Pehuenches | C16: 28859 | D16: 29074 | E16: 29279 | F16: 29480 | G16: 29676 | H16: 29866 | I16: 30049 | J16: 30227 | K16: 30403 | L16: 30577 | M16: 30749 | N16: 30919 | O16: 31086 | P16: 31253
A17: 58098 | B17: Picún Leufú | C17: 4934 | D17: 4938 | E17: 4942 | F17: 4945 | G17: 4948 | H17: 4952 | I17: 4955 | J17: 4958 | K17: 4960 | L17: 4964 | M17: 4966 | N17: 4970 | O17: 4972 | P17: 4975
... A19: 58112 | B19: Zapala | C19: 44308 | D19: 44554 | E19: 44788 | F19: 45017 | G19: 45240 | H19: 45455 | I19: 45664 | J19: 45867 | K19: 46068 | L19: 46266 | M19: 46461 | N19: 46656 | O19: 46847 | P19: 47037
A21: Varones
A22: Código | B22: Departamento | C22: 2022 | D22: 2023 | E22: 2024 | F22: 2025 | G22: 2026 | H22: 2027 | I22: 2028 | J22: 2029 | K22: 2030 | L22: 2031 | M22: 2032 | N22: 2033 | O22: 2034 | P22: 2035
A23: 58007 | B23: Aluminé | C23: 4996 | D23: 5017 | E23: 5037 | F23: 5056 | G23: 5075 | H23: 5093 | I23: 5110 | J23: 5127 | K23: 5144 | L23: 5160 | M23: 5177 | N23: 5193 | O23: 5209 | P23: 5226
A24: 58014 | B24: Añelo | C24: 9179 | D24: 9319 | E24: 9447 | F24: 9575 | G24: 9698 | H24: 9817 | I24: 9932 | J24: 10044 | K24: 10155 | L24: 10264 | M24: 10373 | N24: 10481 | O24: 10588 | P24: 10695
A25: 58021 | B25: Catán Lil | C25: 1369 | D25: 1363 | E25: 1358 | F25: 1353 | G25: 1348 | H25: 1343 | I25: 1338 | J25: 1334 | K25: 1329 | L25: 1325 | M25: 1320 | N25: 1316 | O25: 1311 | P25: 1307
A26: 58042 | B26: Chos Malal | C26: 8742 | D26: 8771 | E26: 8797 | F26: 8823 | G26: 8849 | H26: 8873 | I26: 8897 | J26: 8920 | K26: 8943 | L26: 8965 | M26: 8988 | N26: 9010 | O26: 9032 | P26: 9054
A27: 58028 | B27: Collón Curá | C27: 2356 | D27: 2352 | E27: 2348 | F27: 2344 | G27: 2340 | H27: 2337 | I27: 2333 | J27: 2330 | K27: 2327 | L27: 2323 | M27: 2320 | N27: 2317 | O27: 2314 | P27: 2311
A28: 58035 | B28: Confluencia | C28: 223621 | D28: 225154 | E28: 226565 | F28: 227967 | G28: 229326 | H28: 230629 | I28: 231892 | J28: 233128 | K28: 234342 | L28: 235547 | M28: 236740 | N28: 237928 | O28: 239106 | P28: 240280
A29: 58049 | B29: Huiliches | C29: 10165 | D29: 10268 | E29: 10362 | F29: 10456 | G29: 10548 | H29: 10635 | I29: 10719 | J29: 10802 | K29: 10884 | L29: 10965 | M29: 11044 | N29: 11124 | O29: 11203 | P29: 11282
A30: 58056 | B30: Lácar | C30: 18834 | D30: 18972 | E30: 19099 | F30: 19225 | G30: 19347 | H30: 19464 | I30: 19578 | J30: 19689 | K30: 19798 | L30: 19907 | M30: 20014 | N30: 20121 | O30: 20227 | P30: 20333
A31: 58063 | B31: Loncopué | C31: 3764 | D31: 3766 | E31: 3768 | F31: 3770 | G31: 3771 | H31: 3773 | I31: 3775 | J31: 3776 | K31: 3777 | L31: 3779 | M31: 3781 | N31: 3782 | O31: 3784 | P31: 3785
A32: 58070 | B32: Los Lagos | C32: 7599 | D32: 7651 | E32: 7699 | F32: 7747 | G32: 7793 | H32: 7837 | I32: 7880 | J32: 7923 | K32: 7964 | L32: 8005 | M32: 8046 | N32: 8086 | O32: 8126 | P32: 8166
A33: 58077 | B33: Minas | C33: 4646 | D33: 4673 | E33: 4698 | F33: 4723 | G33: 4746 | H33: 4769 | I33: 4791 | J33: 4813 | K33: 4834 | L33: 4855 | M33: 4876 | N33: 4897 | O33: 4918 | P33: 4938
... A38: 58112 | B38: Zapala | C38: 21798 | D38: 21915 | E38: 22023 | F38: 22130 | G38: 22234 | H38: 22333 | I38: 22430 | J38: 22524 | K38: 22617 | L38: 22709 | M38: 22800 | N38: 22891 | O38: 22981 | P38: 23070
A40: Mujeres
A41: Código | B41: Departamento | C41: 2022 | D41: 2023 | E41: 2024 | F41: 2025 | G41: 2026 | H41: 2027 | I41: 2028 | J41: 2029 | K41: 2030 | L41: 2031 | M41: 2032 | N41: 2033 | O41: 2034 | P41: 2035
A42: 58007 | B42: Aluminé | C42: 4938 | D42: 4970 | E42: 5000 | F42: 5030 | G42: 5060 | H42: 5088 | I42: 5116 | J42: 5142 | K42: 5169 | L42: 5195 | M42: 5220 | N42: 5246 | O42: 5271 | P42: 5295
A43: 58014 | B43: Añelo | C43: 8443 | D43: 8583 | E43: 8720 | F43: 8854 | G43: 8984 | H43: 9110 | I43: 9233 | J43: 9352 | K43: 9469 | L43: 9585 | M43: 9699 | N43: 9811 | O43: 9922 | P43: 10032
A44: 58021 | B44: Catán Lil | C44: 1227 | D44: 1226 | E44: 1225 | F44: 1224 | G44: 1223 | H44: 1222 | I44: 1221 | J44: 1220 | K44: 1219 | L44: 1218 | M44: 1218 | N44: 1217 | O44: 1216 | P44: 1215
A45: 58042 | B45: Chos Malal | C45: 9067 | D45: 9111 | E45: 9155 | F45: 9197 | G45: 9238 | H45: 9278 | I45: 9316 | J45: 9354 | K45: 9391 | L45: 9427 | M45: 9463 | N45: 9499 | O45: 9534 | P45: 9568
A46: 58028 | B46: Collón Curá | C46: 2333 | D46: 2332 | E46: 2330 | F46: 2329 | G46: 2328 | H46: 2326 | I46: 2325 | J46: 2324 | K46: 2323 | L46: 2322 | M46: 2321 | N46: 2319 | O46: 2318 | P46: 2318
A47: 58035 | B47: Confluencia | C47: 230903 | D47: 232509 | E47: 234076 | F47: 235606 | G47: 237094 | H47: 238536 | I47: 239938 | J47: 241297 | K47: 242635 | L47: 243959 | M47: 245262 | N47: 246552 | O47: 247818 | P47: 249076
A48: 58049 | B48: Huiliches | C48: 10173 | D48: 10282 | E48: 10389 | F48: 10493 | G48: 10594 | H48: 10692 | I48: 10787 | J48: 10880 | K48: 10971 | L48: 11061 | M48: 11150 | N48: 11238 | O48: 11324 | P48: 11409
A49: 58056 | B49: Lácar | C49: 19557 | D49: 19729 | E49: 19897 | F49: 20061 | G49: 20221 | H49: 20376 | I49: 20526 | J49: 20672 | K49: 20815 | L49: 20957 | M49: 21097 | N49: 21235 | O49: 21371 | P49: 21506
A50: 58063 | B50: Loncopué | C50: 3701 | D50: 3705 | E50: 3708 | F50: 3712 | G50: 3715 | H50: 3718 | I50: 3721 | J50: 3724 | K50: 3727 | L50: 3730 | M50: 3733 | N50: 3735 | O50: 3738 | P50: 3741
A51: 58070 | B51: Los Lagos | C51: 7486 | D51: 7547 | E51: 7607 | F51: 7666 | G51: 7722 | H51: 7777 | I51: 7831 | J51: 7883 | K51: 7934 | L51: 7984 | M51: 8034 | N51: 8083 | O51: 8131 | P51: 8180
A52: 58077 | B52: Minas | C52: 4343 | D52: 4370 | E52: 4396 | F52: 4422 | G52: 4448 | H52: 4472 | I52: 4496 | J52: 4519 | K52: 4541 | L52: 4564 | M52: 4586 | N52: 4608 | O52: 4630 | P52: 4651
... A57: 58112 | B57: Zapala | C57: 22510 | D57: 22639 | E57: 22765 | F57: 22887 | G57: 23006 | H57: 23122 | I57: 23234 | J57: 23343 | K57: 23451 | L57: 23557 | M57: 23661 | N57: 23765 | O57: 23866 | P57: 23967
A59: Fuente: INDEC, estimaciones elaboradas con base en el Censo Nacional de Población, Hogares y Viviendas 2022.

Sheet 62-RÍO NEGRO
A1: Cuadro 16. Provincia de Río Negro. Población estimada al 1.° de julio de cada año calendario, por sexo, según departamento. Años 2022-2035
A2: Ambos sexos
A3: Código | B3: Departamento | C3: 2022 | D3: 2023 | E3: 2024 | F3: 2025 | G3: 2026 | H3: 2027 | I3: 2028 | J3: 2029 | K3: 2030 | L3: 2031 | M3: 2032 | N3: 2033 | O3: 2034 | P3: 2035
A4: 62007 | B4: Adolfo Alsina | C4: 66688 | D4: 66922 | E4: 67152 | F4: 67383 | G4: 67605 | H4: 67820 | I4: 68028 | J4: 68230 | K4: 68427 | L4: 68622 | M4: 68814 | N4: 69005 | O4: 69193 | P4: 69379
A5: 62014 | B5: Avellaneda | C5: 42775 | D5: 42996 | E5: 43215 | F5: 43432 | G5: 43643 | H5: 43846 | I5: 44042 | J5: 44232 | K5: 44418 | L5: 44601 | M5: 44783 | N5: 44962 | O5: 45140 | P5: 45315
A6: 62021 | B6: Bariloche | C6: 167594 | D6: 168675 | E6: 169743 | F6: 170808 | G6: 171837 | H6: 172830 | I6: 173790 | J6: 174721 | K6: 175632 | L6: 176533 | M6: 177423 | N6: 178301 | O6: 179170 | P6: 180028
A7: 62028 | B7: Conesa | C7: 7686 | D7: 7696 | E7: 7705 | F7: 7714 | G7: 7723 | H7: 7731 | I7: 7740 | J7: 7748 | K7: 7756 | L7: 7764 | M7: 7772 | N7: 7779 | O7: 7787 | P7: 7794
A8: 62035 | B8: El Cuy | C8: 7206 | D8: 7272 | E8: 7337 | F8: 7403 | G8: 7465 | H8: 7526 | I8: 7585 | J8: 7641 | K8: 7697 | L8: 7752 | M8: 7806 | N8: 7861 | O8: 7913 | P8: 7966
A9: 62042 | B9: General Roca | C9: 393519 | D9: 395611 | E9: 397678 | F9: 399740 | G9: 401732 | H9: 403656 | I9: 405514 | J9: 407316 | K9: 409080 | L9: 410823 | M9: 412547 | N9: 414248 | O9: 415933 | P9: 417596
A10: 62049 | B10: 9 de Julio | C10: 3849 | D10: 3856 | E10: 3862 | F10: 3869 | G10: 3876 | H10: 3882 | I10: 3887 | J10: 3894 | K10: 3898 | L10: 3905 | M10: 3911 | N10: 3916 | O10: 3921 | P10: 3926
A11: 62056 | B11: Ñorquinco | C11: 1504 | D11: 1491 | E11: 1478 | F11: 1465 | G11: 1452 | H11: 1439 | I11: 1426 | J11: 1415 | K11: 1404 | L11: 1391 | M11: 1380 | N11: 1369 | O11: 1358 | P11: 1348
A12: 62063 | B12: Pichi Mahuida | C12: 17119 | D12: 17205 | E12: 17292 | F12: 17379 | G12: 17463 | H12: 17543 | I12: 17621 | J12: 17697 | K12: 17771 | L12: 17844 | M12: 17916 | N12: 17988 | O12: 18058 | P12: 18128
A13: 62070 | B13: Pilcaniyeu | C13: 9668 | D13: 9743 | E13: 9815 | F13: 9889 | G13: 9959 | H13: 10027 | I13: 10092 | J13: 10156 | K13: 10218 | L13: 10280 | M13: 10341 | N13: 10400 | O13: 10461 | P13: 10519
A14: 62077 | B14: San Antonio | C14: 37017 | D14: 37267 | E14: 37512 | F14: 37756 | G14: 37993 | H14: 38221 | I14: 38442 | J14: 38655 | K14: 38865 | L14: 39072 | M14: 39276 | N14: 39478 | O14: 39678 | P14: 39875
... A16: 62091 | B16: 25 de Mayo | C16: 17295 | D16: 17323 | E16: 17352 | F16: 17380 | G16: 17408 | H16: 17435 | I16: 17461 | J16: 17485 | K16: 17509 | L16: 17533 | M16: 17557 | N16: 17580 | O16: 17603 | P16: 17626
A18: Varones
A19: Código | B19: Departamento | C19: 2022 | D19: 2023 | E19: 2024 | F19: 2025 | G19: 2026 | H19: 2027 | I19: 2028 | J19: 2029 | K19: 2030 | L19: 2031 | M19: 2032 | N19: 2033 | O19: 2034 | P19: 2035
A20: 62007 | B20: Adolfo Alsina | C20: 32980 | D20: 33093 | E20: 33205 | F20: 33320 | G20: 33429 | H20: 33535 | I20: 33638 | J20: 33738 | K20: 33836 | L20: 33933 | M20: 34029 | N20: 34125 | O20: 34220 | P20: 34314
A21: 62014 | B21: Avellaneda | C21: 21463 | D21: 21556 | E21: 21650 | F21: 21744 | G21: 21836 | H21: 21924 | I21: 22009 | J21: 22092 | K21: 22173 | L21: 22253 | M21: 22333 | N21: 22412 | O21: 22491 | P21: 22569
A22: 62021 | B22: Bariloche | C22: 82678 | D22: 83182 | E22: 83686 | F22: 84195 | G22: 84685 | H22: 85159 | I22: 85617 | J22: 86063 | K22: 86499 | L22: 86933 | M22: 87362 | N22: 87789 | O22: 88211 | P22: 88630
A23: 62028 | B23: Conesa | C23: 3920 | D23: 3927 | E23: 3933 | F23: 3940 | G23: 3946 | H23: 3952 | I23: 3958 | J23: 3964 | K23: 3970 | L23: 3975 | M23: 3981 | N23: 3986 | O23: 3992 | P23: 3997
A24: 62035 | B24: El Cuy | C24: 3880 | D24: 3912 | E24: 3944 | F24: 3977 | G24: 4008 | H24: 4039 | I24: 4068 | J24: 4096 | K24: 4124 | L24: 4152 | M24: 4179 | N24: 4207 | O24: 4233 | P24: 4260
A25: 62042 | B25: General Roca | C25: 193944 | D25: 194937 | E25: 195930 | F25: 196933 | G25: 197899 | H25: 198834 | I25: 199737 | J25: 200615 | K25: 201474 | L25: 202329 | M25: 203175 | N25: 204016 | O25: 204850 | P25: 205676
A26: 62049 | B26: 9 de Julio | C26: 2013 | D26: 2014 | E26: 2015 | F26: 2017 | G26: 2018 | H26: 2019 | I26: 2020 | J26: 2022 | K26: 2022 | L26: 2024 | M26: 2025 | N26: 2026 | O26: 2027 | P26: 2028
A27: 62056 | B27: Ñorquinco | C27: 853 | D27: 845 | E27: 837 | F27: 829 | G27: 821 | H27: 813 | I27: 805 | J27: 798 | K27: 791 | L27: 783 | M27: 776 | N27: 769 | O27: 762 | P27: 756
A28: 62063 | B28: Pichi Mahuida | C28: 8496 | D28: 8539 | E28: 8583 | F28: 8627 | G28: 8670 | H28: 8711 | I28: 8750 | J28: 8789 | K28: 8827 | L28: 8865 | M28: 8902 | N28: 8939 | O28: 8975 | P28: 9012
A29: 62070 | B29: Pilcaniyeu | C29: 4920 | D29: 4957 | E29: 4993 | F29: 5030 | G29: 5065 | H29: 5099 | I29: 5132 | J29: 5164 | K29: 5195 | L29: 5227 | M29: 5258 | N29: 5288 | O29: 5319 | P29: 5349
A30: 62077 | B30: San Antonio | C30: 18427 | D30: 18536 | E30: 18644 | F30: 18753 | G30: 18858 | H30: 18960 | I30: 19059 | J30: 19154 | K30: 19248 | L30: 19341 | M30: 19433 | N30: 19525 | O30: 19616 | P30: 19706
... A32: 62091 | B32: 25 de Mayo | C32: 8721 | D32: 8729 | E32: 8738 | F32: 8746 | G32: 8755 | H32: 8763 | I32: 8771 | J32: 8778 | K32: 8785 | L32: 8793 | M32: 8800 | N32: 8807 | O32: 8814 | P32: 8821
A34: Mujeres
A35: Código | B35: Departamento | C35: 2022 | D35: 2023 | E35: 2024 | F35: 2025 | G35: 2026 | H35: 2027 | I35: 2028 | J35: 2029 | K35: 2030 | L35: 2031 | M35: 2032 | N35: 2033 | O35: 2034 | P35: 2035
A36: 62007 | B36: Adolfo Alsina | C36: 33708 | D36: 33829 | E36: 33947 | F36: 34063 | G36: 34176 | H36: 34285 | I36: 34390 | J36: 34492 | K36: 34591 | L36: 34689 | M36: 34785 | N36: 34880 | O36: 34973 | P36: 35065
A37: 62014 | B37: Avellaneda | C37: 21312 | D37: 21440 | E37: 21565 | F37: 21688 | G37: 21807 | H37: 21922 | I37: 22033 | J37: 22140 | K37: 22245 | L37: 22348 | M37: 22450 | N37: 22550 | O37: 22649 | P37: 22746
A38: 62021 | B38: Bariloche | C38: 84916 | D38: 85493 | E38: 86057 | F38: 86613 | G38: 87152 | H38: 87671 | I38: 88173 | J38: 88658 | K38: 89133 | L38: 89600 | M38: 90061 | N38: 90512 | O38: 90959 | P38: 91398
A39: 62028 | B39: Conesa | C39: 3766 | D39: 3769 | E39: 3772 | F39: 3774 | G39: 3777 | H39: 3779 | I39: 3782 | J39: 3784 | K39: 3786 | L39: 3789 | M39: 3791 | N39: 3793 | O39: 3795 | P39: 3797
A40: 62035 | B40: El Cuy | C40: 3326 | D40: 3360 | E40: 3393 | F40: 3426 | G40: 3457 | H40: 3487 | I40: 3517 | J40: 3545 | K40: 3573 | L40: 3600 | M40: 3627 | N40: 3654 | O40: 3680 | P40: 3706
A41: 62042 | B41: General Roca | C41: 199575 | D41: 200674 | E41: 201748 | F41: 202807 | G41: 203833 | H41: 204822 | I41: 205777 | J41: 206701 | K41: 207606 | L41: 208494 | M41: 209372 | N41: 210232 | O41: 211083 | P41: 211920
A42: 62049 | B42: 9 de Julio | C42: 1836 | D42: 1842 | E42: 1847 | F42: 1852 | G42: 1858 | H42: 1863 | I42: 1867 | J42: 1872 | K42: 1876 | L42: 1881 | M42: 1886 | N42: 1890 | O42: 1894 | P42: 1898
A43: 62056 | B43: Ñorquinco | C43: 651 | D43: 646 | E43: 641 | F43: 636 | G43: 631 | H43: 626 | I43: 621 | J43: 617 | K43: 613 | L43: 608 | M43: 604 | N43: 600 | O43: 596 | P43: 592
A44: 62063 | B44: Pichi Mahuida | C44: 8623 | D44: 8666 | E44: 8709 | F44: 8752 | G44: 8793 | H44: 8832 | I44: 8871 | J44: 8908 | K44: 8944 | L44: 8979 | M44: 9014 | N44: 9049 | O44: 9083 | P44: 9116
A45: 62070 | B45: Pilcaniyeu | C45: 4748 | D45: 4786 | E45: 4822 | F45: 4859 | G45: 4894 | H45: 4928 | I45: 4960 | J45: 4992 | K45: 5023 | L45: 5053 | M45: 5083 | N45: 5112 | O45: 5142 | P45: 5170
A46: 62077 | B46: San Antonio | C46: 18590 | D46: 18731 | E46: 18868 | F46: 19003 | G46: 19135 | H46: 19261 | I46: 19383 | J46: 19501 | K46: 19617 | L46: 19731 | M46: 19843 | N46: 19953 | O46: 20062 | P46: 20169
... A48: 62091 | B48: 25 de Mayo | C48: 8574 | D48: 8594 | E48: 8614 | F48: 8634 | G48: 8653 | H48: 8672 | I48: 8690 | J48: 8707 | K48: 8724 | L48: 8740 | M48: 8757 | N48: 8773 | O48: 8789 | P48: 8805
A50: Fuente: INDEC, estimaciones elaboradas con base en el Censo Nacional de Población, Hogares y Viviendas 2022.

Sheet 66-SALTA
A1: Cuadro 17. Provincia de Salta. Población estimada al 1.° de julio de cada año calendario, por sexo, según departamento. Años 2022-2035
A2: Ambos sexos
A3: Código | B3: Departamento | C3: 2022 | D3: 2023 | E3: 2024 | F3: 2025 | G3: 2026 | H3: 2027 | I3: 2028 | J3: 2029 | K3: 2030 | L3: 2031 | M3: 2032 | N3: 2033 | O3: 2034 | P3: 2035
A4: 66007 | B4: Anta | C4: 71492 | D4: 71882 | E4: 72261 | F4: 72624 | G4: 72962 | H4: 73277 | I4: 73586 | J4: 73897 | K4: 74208 | L4: 74524 | M4: 74843 | N4: 75161 | O4: 75479 | P4: 75797
A5: 66014 | B5: Cachi | C5: 9114 | D5: 9163 | E5: 9210 | F5: 9256 | G5: 9298 | H5: 9337 | I5: 9376 | J5: 9416 | K5: 9454 | L5: 9494 | M5: 9533 | N5: 9573 | O5: 9613 | P5: 9652
A6: 66021 | B6: Cafayate | C6: 18151 | D6: 18241 | E6: 18328 | F6: 18412 | G6: 18490 | H6: 18562 | I6: 18633 | J6: 18704 | K6: 18776 | L6: 18849 | M6: 18922 | N6: 18996 | O6: 19068 | P6: 19141
A7: 66028 | B7: Capital | C7: 638654 | D7: 641274 | E7: 643822 | F7: 646265 | G7: 648534 | H7: 650651 | I7: 652730 | J7: 654828 | K7: 656920 | L7: 659047 | M7: 661184 | N7: 663323 | O7: 665468 | P7: 667603
A8: 66035 | B8: Cerrillos | C8: 56971 | D8: 57656 | E8: 58322 | F8: 58961 | G8: 59555 | H8: 60108 | I8: 60652 | J8: 61201 | K8: 61748 | L8: 62303 | M8: 62861 | N8: 63420 | O8: 63981 | P8: 64538
A9: 66042 | B9: Chicoana | C9: 25178 | D9: 25297 | E9: 25412 | F9: 25523 | G9: 25625 | H9: 25721 | I9: 25815 | J9: 25910 | K9: 26005 | L9: 26100 | M9: 26197 | N9: 26293 | O9: 26390 | P9: 26486
A10: 66049 | B10: General Güemes | C10: 57194 | D10: 57457 | E10: 57712 | F10: 57958 | G10: 58185 | H10: 58397 | I10: 58604 | J10: 58815 | K10: 59024 | L10: 59238 | M10: 59451 | N10: 59666 | O10: 59881 | P10: 60093
A11: 66056 | B11: General José de San Martín | C11: 181256 | D11: 181818 | E11: 182366 | F11: 182891 | G11: 183379 | H11: 183834 | I11: 184281 | J11: 184731 | K11: 185179 | L11: 185636 | M11: 186094 | N11: 186554 | O11: 187012 | P11: 187470
A12: 66063 | B12: Guachipas | C12: 3555 | D12: 3562 | E12: 3569 | F12: 3574 | G12: 3580 | H12: 3586 | I12: 3591 | J12: 3596 | K12: 3601 | L12: 3607 | M12: 3611 | N12: 3617 | O12: 3623 | P12: 3628
A13: 66070 | B13: Iruya | C13: 6228 | D13: 6224 | E13: 6220 | F13: 6216 | G13: 6213 | H13: 6210 | I13: 6207 | J13: 6204 | K13: 6201 | L13: 6198 | M13: 6194 | N13: 6191 | O13: 6188 | P13: 6186
A14: 66077 | B14: La Caldera | C14: 12528 | D14: 12683 | E14: 12833 | F14: 12978 | G14: 13112 | H14: 13237 | I14: 13359 | J14: 13483 | K14: 13607 | L14: 13733 | M14: 13858 | N14: 13985 | O14: 14112 | P14: 14238
... A26: 66161 | B26: Santa Victoria | C26: 9585 | D26: 9537 | E26: 9490 | F26: 9445 | G26: 9404 | H26: 9365 | I26: 9327 | J26: 9288 | K26: 9250 | L26: 9211 | M26: 9172 | N26: 9132 | O26: 9093 | P26: 9055
A28: Varones
A29: Código | B29: Departamento | C29: 2022 | D29: 2023 | E29: 2024 | F29: 2025 | G29: 2026 | H29: 2027 | I29: 2028 | J29: 2029 | K29: 2030 | L29: 2031 | M29: 2032 | N29: 2033 | O29: 2034 | P29: 2035
A30: 66007 | B30: Anta | C30: 36908 | D30: 37111 | E30: 37308 | F30: 37495 | G30: 37669 | H30: 37832 | I30: 37993 | J30: 38155 | K30: 38318 | L30: 38484 | M30: 38652 | N30: 38820 | O30: 38988 | P30: 39157
A31: 66014 | B31: Cachi | C31: 4627 | D31: 4651 | E31: 4674 | F31: 4696 | G31: 4716 | H31: 4735 | I31: 4754 | J31: 4773 | K31: 4792 | L31: 4811 | M31: 4830 | N31: 4850 | O31: 4870 | P31: 4889
A32: 66021 | B32: Cafayate | C32: 8960 | D32: 9001 | E32: 9040 | F32: 9077 | G32: 9112 | H32: 9144 | I32: 9176 | J32: 9208 | K32: 9241 | L32: 9274 | M32: 9307 | N32: 9341 | O32: 9374 | P32: 9408
A33: 66028 | B33: Capital | C33: 311094 | D33: 312454 | E33: 313774 | F33: 315028 | G33: 316194 | H33: 317288 | I33: 318367 | J33: 319457 | K33: 320551 | L33: 321666 | M33: 322788 | N33: 323915 | O33: 325048 | P33: 326179
A34: 66035 | B34: Cerrillos | C34: 28481 | D34: 28821 | E34: 29151 | F34: 29465 | G34: 29757 | H34: 30030 | I34: 30300 | J34: 30573 | K34: 30847 | L34: 31125 | M34: 31406 | N34: 31688 | O34: 31972 | P34: 32254
A35: 66042 | B35: Chicoana | C35: 12510 | D35: 12563 | E35: 12615 | F35: 12664 | G35: 12709 | H35: 12752 | I35: 12794 | J35: 12837 | K35: 12880 | L35: 12923 | M35: 12967 | N35: 13011 | O35: 13055 | P35: 13100
A36: 66049 | B36: General Güemes | C36: 28667 | D36: 28798 | E36: 28925 | F36: 29046 | G36: 29158 | H36: 29263 | I36: 29366 | J36: 29471 | K36: 29576 | L36: 29684 | M36: 29791 | N36: 29900 | O36: 30009 | P36: 30117
A37: 66056 | B37: General José de San Martín | C37: 90610 | D37: 90870 | E37: 91123 | F37: 91362 | G37: 91585 | H37: 91794 | I37: 92001 | J37: 92209 | K37: 92418 | L37: 92631 | M37: 92846 | N37: 93062 | O37: 93278 | P37: 93494
A38: 66063 | B38: Guachipas | C38: 1810 | D38: 1812 | E38: 1815 | F38: 1816 | G38: 1818 | H38: 1820 | I38: 1822 | J38: 1823 | K38: 1825 | L38: 1827 | M38: 1828 | N38: 1830 | O38: 1832 | P38: 1834
A39: 66070 | B39: Iruya | C39: 3048 | D39: 3046 | E39: 3043 | F39: 3041 | G39: 3039 | H39: 3038 | I39: 3036 | J39: 3034 | K39: 3032 | L39: 3030 | M39: 3028 | N39: 3026 | O39: 3024 | P39: 3023
A40: 66077 | B40: La Caldera | C40: 6398 | D40: 6478 | E40: 6555 | F40: 6629 | G40: 6697 | H40: 6761 | I40: 6824 | J40: 6888 | K40: 6952 | L40: 7018 | M40: 7083 | N40: 7149 | O40: 7216 | P40: 7282
... A52: 66161 | B52: Santa Victoria | C52: 4789 | D52: 4767 | E52: 4745 | F52: 4725 | G52: 4706 | H52: 4688 | I52: 4671 | J52: 4653 | K52: 4635 | L52: 4617 | M52: 4599 | N52: 4580 | O52: 4562 | P52: 4544
A54: Mujeres
A55: Código | B55: Departamento | C55: 2022 | D55: 2023 | E55: 2024 | F55: 2025 | G55: 2026 | H55: 2027 | I55: 2028 | J55: 2029 | K55: 2030 | L55: 2031 | M55: 2032 | N55: 2033 | O55: 2034 | P55: 2035
A56: 66007 | B56: Anta | C56: 34584 | D56: 34771 | E56: 34953 | F56: 35129 | G56: 35293 | H56: 35445 | I56: 35593 | J56: 35742 | K56: 35890 | L56: 36040 | M56: 36191 | N56: 36341 | O56: 36491 | P56: 36640
A57: 66014 | B57: Cachi | C57: 4487 | D57: 4512 | E57: 4536 | F57: 4560 | G57: 4582 | H57: 4602 | I57: 4622 | J57: 4643 | K57: 4662 | L57: 4683 | M57: 4703 | N57: 4723 | O57: 4743 | P57: 4763
A58: 66021 | B58: Cafayate | C58: 9191 | D58: 9240 | E58: 9288 | F58: 9335 | G58: 9378 | H58: 9418 | I58: 9457 | J58: 9496 | K58: 9535 | L58: 9575 | M58: 9615 | N58: 9655 | O58: 9694 | P58: 9733
A59: 66028 | B59: Capital | C59: 327560 | D59: 328820 | E59: 330048 | F59: 331237 | G59: 332340 | H59: 333363 | I59: 334363 | J59: 335371 | K59: 336369 | L59: 337381 | M59: 338396 | N59: 339408 | O59: 340420 | P59: 341424
A60: 66035 | B60: Cerrillos | C60: 28490 | D60: 28835 | E60: 29171 | F60: 29496 | G60: 29798 | H60: 30078 | I60: 30352 | J60: 30628 | K60: 30901 | L60: 31178 | M60: 31455 | N60: 31732 | O60: 32009 | P60: 32284
A61: 66042 | B61: Chicoana | C61: 12668 | D61: 12734 | E61: 12797 | F61: 12859 | G61: 12916 | H61: 12969 | I61: 13021 | J61: 13073 | K61: 13125 | L61: 13177 | M61: 13230 | N61: 13282 | O61: 13335 | P61: 13386
A62: 66049 | B62: General Güemes | C62: 28527 | D62: 28659 | E62: 28787 | F62: 28912 | G62: 29027 | H62: 29134 | I62: 29238 | J62: 29344 | K62: 29448 | L62: 29554 | M62: 29660 | N62: 29766 | O62: 29872 | P62: 29976
A63: 66056 | B63: General José de San Martín | C63: 90646 | D63: 90948 | E63: 91243 | F63: 91529 | G63: 91794 | H63: 92040 | I63: 92280 | J63: 92522 | K63: 92761 | L63: 93005 | M63: 93248 | N63: 93492 | O63: 93734 | P63: 93976
A64: 66063 | B64: Guachipas | C64: 1745 | D64: 1750 | E64: 1754 | F64: 1758 | G64: 1762 | H64: 1766 | I64: 1769 | J64: 1773 | K64: 1776 | L64: 1780 | M64: 1783 | N64: 1787 | O64: 1791 | P64: 1794
A65: 66070 | B65: Iruya | C65: 3180 | D65: 3178 | E65: 3177 | F65: 3175 | G65: 3174 | H65: 3172 | I65: 3171 | J65: 3170 | K65: 3169 | L65: 3168 | M65: 3166 | N65: 3165 | O65: 3164 | P65: 3163
A66: 66077 | B66: La Caldera | C66: 6130 | D66: 6205 | E66: 6278 | F66: 6349 | G66: 6415 | H66: 6476 | I66: 6535 | J66: 6595 | K66: 6655 | L66: 6715 | M66: 6775 | N66: 6836 | O66: 6896 | P66: 6956
... A78: 66161 | B78: Santa Victoria | C78: 4796 | D78: 4770 | E78: 4745 | F78: 4720 | G78: 4698 | H78: 4677 | I78: 4656 | J78: 4635 | K78: 4615 | L78: 4594 | M78: 4573 | N78: 4552 | O78: 4531 | P78: 4511
A80: Fuente: INDEC, estimaciones elaboradas con base en el Censo Nacional de Población, Hogares y Viviendas 2022.

Sheet 70-SAN JUAN
A1: Cuadro 18. Provincia de San Juan. Población estimada al 1.° de julio de cada año calendario, por sexo, según departamento. Años 2022-2035
A2: Ambos sexos
A3: Código | B3: Departamento | C3: 2022 | D3: 2023 | E3: 2024 | F3: 2025 | G3: 2026 | H3: 2027 | I3: 2028 | J3: 2029 | K3: 2030 | L3: 2031 | M3: 2032 | N3: 2033 | O3: 2034 | P3: 2035
A4: 70007 | B4: Albardón | C4: 31839 | D4: 32075 | E4: 32319 | F4: 32555 | G4: 32773 | H4: 32976 | I4: 33173 | J4: 33371 | K4: 33569 | L4: 33769 | M4: 33971 | N4: 34173 | O4: 34374 | P4: 34576
A5: 70014 | B5: Angaco | C5: 10358 | D5: 10419 | E5: 10482 | F5: 10543 | G5: 10600 | H5: 10652 | I5: 10704 | J5: 10755 | K5: 10805 | L5: 10857 | M5: 10910 | N5: 10962 | O5: 11014 | P5: 11066
A6: 70021 | B6: Calingasta | C6: 11236 | D6: 11312 | E6: 11389 | F6: 11464 | G6: 11534 | H6: 11598 | I6: 11661 | J6: 11723 | K6: 11786 | L6: 11850 | M6: 11914 | N6: 11978 | O6: 12042 | P6: 12106
A7: 70028 | B7: Capital | C7: 117301 | D7: 117254 | E7: 117210 | F7: 117166 | G7: 117125 | H7: 117088 | I7: 117053 | J7: 117017 | K7: 116983 | L7: 116948 | M7: 116911 | N7: 116876 | O7: 116841 | P7: 116807
A8: 70035 | B8: Caucete | C8: 44821 | D8: 44955 | E8: 45091 | F8: 45224 | G8: 45347 | H8: 45460 | I8: 45572 | J8: 45683 | K8: 45795 | L8: 45907 | M8: 46020 | N8: 46135 | O8: 46248 | P8: 46361
A9: 70042 | B9: Chimbas | C9: 107505 | D9: 108024 | E9: 108561 | F9: 109081 | G9: 109563 | H9: 110008 | I9: 110444 | J9: 110881 | K9: 111318 | L9: 111759 | M9: 112203 | N9: 112651 | O9: 113095 | P9: 113541
A10: 70049 | B10: Iglesia | C10: 9005 | D10: 8973 | E10: 8938 | F10: 8903 | G10: 8872 | H10: 8842 | I10: 8812 | J10: 8782 | K10: 8752 | L10: 8721 | M10: 8690 | N10: 8658 | O10: 8628 | P10: 8595
A11: 70056 | B11: Jáchal | C11: 25744 | D11: 25830 | E11: 25917 | F11: 26003 | G11: 26081 | H11: 26155 | I11: 26225 | J11: 26296 | K11: 26367 | L11: 26439 | M11: 26511 | N11: 26584 | O11: 26655 | P11: 26728
A12: 70063 | B12: 9 de Julio | C12: 12737 | D12: 12843 | E12: 12951 | F12: 13056 | G12: 13154 | H12: 13243 | I12: 13332 | J12: 13420 | K12: 13508 | L12: 13597 | M12: 13687 | N12: 13777 | O12: 13867 | P12: 13958
A13: 70070 | B13: Pocito | C13: 74202 | D13: 74864 | E13: 75547 | F13: 76207 | G13: 76820 | H13: 77385 | I13: 77937 | J13: 78492 | K13: 79046 | L13: 79606 | M13: 80169 | N13: 80735 | O13: 81300 | P13: 81864
A14: 70077 | B14: Rawson | C14: 139001 | D14: 139593 | E14: 140204 | F14: 140795 | G14: 141343 | H14: 141849 | I14: 142344 | J14: 142841 | K14: 143339 | L14: 143839 | M14: 144344 | N14: 144852 | O14: 145358 | P14: 145864
... A22: 70133 | B22: Zonda | C22: 6803 | D22: 6863 | E22: 6926 | F22: 6987 | G22: 7042 | H22: 7095 | I22: 7145 | J22: 7196 | K22: 7246 | L22: 7298 | M22: 7350 | N22: 7401 | O22: 7453 | P22: 7505
A24: Varones
A25: Código | B25: Departamento | C25: 2022 | D25: 2023 | E25: 2024 | F25: 2025 | G25: 2026 | H25: 2027 | I25: 2028 | J25: 2029 | K25: 2030 | L25: 2031 | M25: 2032 | N25: 2033 | O25: 2034 | P25: 2035
A26: 70007 | B26: Albardón | C26: 15974 | D26: 16095 | E26: 16226 | F26: 16351 | G26: 16467 | H26: 16576 | I26: 16682 | J26: 16789 | K26: 16897 | L26: 17005 | M26: 17115 | N26: 17225 | O26: 17335 | P26: 17446
A27: 70014 | B27: Angaco | C27: 5265 | D27: 5297 | E27: 5331 | F27: 5364 | G27: 5395 | H27: 5424 | I27: 5452 | J27: 5480 | K27: 5508 | L27: 5537 | M27: 5566 | N27: 5595 | O27: 5624 | P27: 5653
A28: 70021 | B28: Calingasta | C28: 5895 | D28: 5931 | E28: 5970 | F28: 6007 | G28: 6041 | H28: 6073 | I28: 6105 | J28: 6136 | K28: 6168 | L28: 6200 | M28: 6233 | N28: 6265 | O28: 6298 | P28: 6330
A29: 70028 | B29: Capital | C29: 55729 | D29: 55751 | E29: 55775 | F29: 55798 | G29: 55819 | H29: 55838 | I29: 55858 | J29: 55877 | K29: 55897 | L29: 55917 | M29: 55936 | N29: 55956 | O29: 55977 | P29: 55997
A30: 70035 | B30: Caucete | C30: 22225 | D30: 22292 | E30: 22363 | F30: 22431 | G30: 22495 | H30: 22554 | I30: 22613 | J30: 22671 | K30: 22730 | L30: 22789 | M30: 22849 | N30: 22910 | O30: 22970 | P30: 23030
A31: 70042 | B31: Chimbas | C31: 54062 | D31: 54343 | E31: 54645 | F31: 54934 | G31: 55203 | H31: 55454 | I31: 55701 | J31: 55949 | K31: 56198 | L31: 56450 | M31: 56703 | N31: 56959 | O31: 57213 | P31: 57470
A32: 70049 | B32: Iglesia | C32: 4598 | D32: 4536 | E32: 4470 | F32: 4406 | G32: 4347 | H32: 4292 | I32: 4238 | J32: 4184 | K32: 4129 | L32: 4074 | M32: 4018 | N32: 3962 | O32: 3907 | P32: 3850
A33: 70056 | B33: Jáchal | C33: 12872 | D33: 12907 | E33: 12944 | F33: 12980 | G33: 13013 | H33: 13045 | I33: 13075 | J33: 13106 | K33: 13137 | L33: 13168 | M33: 13199 | N33: 13231 | O33: 13262 | P33: 13294
A34: 70063 | B34: 9 de Julio | C34: 6417 | D34: 6471 | E34: 6529 | F34: 6584 | G34: 6636 | H34: 6684 | I34: 6732 | J34: 6779 | K34: 6827 | L34: 6875 | M34: 6924 | N34: 6973 | O34: 7022 | P34: 7072
A35: 70070 | B35: Pocito | C35: 36984 | D35: 37310 | E35: 37661 | F35: 37996 | G35: 38308 | H35: 38599 | I35: 38885 | J35: 39173 | K35: 39462 | L35: 39754 | M35: 40048 | N35: 40344 | O35: 40640 | P35: 40937
A36: 70077 | B36: Rawson | C36: 68295 | D36: 68601 | E36: 68930 | F36: 69244 | G36: 69537 | H36: 69810 | I36: 70078 | J36: 70348 | K36: 70620 | L36: 70893 | M36: 71169 | N36: 71447 | O36: 71724 | P36: 72003
... A44: 70133 | B44: Zonda | C44: 3465 | D44: 3494 | E44: 3526 | F44: 3557 | G44: 3585 | H44: 3612 | I44: 3638 | J44: 3664 | K44: 3690 | L44: 3717 | M44: 3744 | N44: 3771 | O44: 3798 | P44: 3825
A46: Mujeres
A47: Código | B47: Departamento | C47: 2022 | D47: 2023 | E47: 2024 | F47: 2025 | G47: 2026 | H47: 2027 | I47: 2028 | J47: 2029 | K47: 2030 | L47: 2031 | M47: 2032 | N47: 2033 | O47: 2034 | P47: 2035
A48: 70007 | B48: Albardón | C48: 15865 | D48: 15980 | E48: 16093 | F48: 16204 | G48: 16306 | H48: 16400 | I48: 16491 | J48: 16582 | K48: 16672 | L48: 16764 | M48: 16856 | N48: 16948 | O48: 17039 | P48: 17130
A49: 70014 | B49: Angaco | C49: 5093 | D49: 5122 | E49: 5151 | F49: 5179 | G49: 5205 | H49: 5228 | I49: 5252 | J49: 5275 | K49: 5297 | L49: 5320 | M49: 5344 | N49: 5367 | O49: 5390 | P49: 5413
A50: 70021 | B50: Calingasta | C50: 5341 | D50: 5381 | E50: 5419 | F50: 5457 | G50: 5493 | H50: 5525 | I50: 5556 | J50: 5587 | K50: 5618 | L50: 5650 | M50: 5681 | N50: 5713 | O50: 5744 | P50: 5776
A51: 70028 | B51: Capital | C51: 61572 | D51: 61503 | E51: 61435 | F51: 61368 | G51: 61306 | H51: 61250 | I51: 61195 | J51: 61140 | K51: 61086 | L51: 61031 | M51: 60975 | N51: 60920 | O51: 60864 | P51: 60810
A52: 70035 | B52: Caucete | C52: 22596 | D52: 22663 | E52: 22728 | F52: 22793 | G52: 22852 | H52: 22906 | I52: 22959 | J52: 23012 | K52: 23065 | L52: 23118 | M52: 23171 | N52: 23225 | O52: 23278 | P52: 23331
A53: 70042 | B53: Chimbas | C53: 53443 | D53: 53681 | E53: 53916 | F53: 54147 | G53: 54360 | H53: 54554 | I53: 54743 | J53: 54932 | K53: 55120 | L53: 55309 | M53: 55500 | N53: 55692 | O53: 55882 | P53: 56071
A54: 70049 | B54: Iglesia | C54: 4407 | D54: 4437 | E54: 4468 | F54: 4497 | G54: 4525 | H54: 4550 | I54: 4574 | J54: 4598 | K54: 4623 | L54: 4647 | M54: 4672 | N54: 4696 | O54: 4721 | P54: 4745
A55: 70056 | B55: Jáchal | C55: 12872 | D55: 12923 | E55: 12973 | F55: 13023 | G55: 13068 | H55: 13110 | I55: 13150 | J55: 13190 | K55: 13230 | L55: 13271 | M55: 13312 | N55: 13353 | O55: 13393 | P55: 13434
A56: 70063 | B56: 9 de Julio | C56: 6320 | D56: 6372 | E56: 6422 | F56: 6472 | G56: 6518 | H56: 6559 | I56: 6600 | J56: 6641 | K56: 6681 | L56: 6722 | M56: 6763 | N56: 6804 | O56: 6845 | P56: 6886
A57: 70070 | B57: Pocito | C57: 37218 | D57: 37554 | E57: 37886 | F57: 38211 | G57: 38512 | H57: 38786 | I57: 39052 | J57: 39319 | K57: 39584 | L57: 39852 | M57: 40121 | N57: 40391 | O57: 40660 | P57: 40927
A58: 70077 | B58: Rawson | C58: 70706 | D58: 70992 | E58: 71274 | F58: 71551 | G58: 71806 | H58: 72039 | I58: 72266 | J58: 72493 | K58: 72719 | L58: 72946 | M58: 73175 | N58: 73405 | O58: 73634 | P58: 73861
... A66: 70133 | B66: Zonda | C66: 3338 | D66: 3369 | E66: 3400 | F66: 3430 | G66: 3457 | H66: 3483 | I66: 3507 | J66: 3532 | K66: 3556 | L66: 3581 | M66: 3606 | N66: 3630 | O66: 3655 | P66: 3680
A68: Fuente: INDEC, estimaciones elaboradas con base en el Censo Nacional de Población, Hogares y Viviendas 2022.

Sheet 74-SAN LUIS
A1: Cuadro 19. Provincia de San Luis. Población estimada al 1.° de julio de cada año calendario, por sexo, según departamento. Años 2022-2035
A2: Ambos sexos
A3: Código | B3: Departamento | C3: 2022 | D3: 2023 | E3: 2024 | F3: 2025 | G3: 2026 | H3: 2027 | I3: 2028 | J3: 2029 | K3: 2030 | L3: 2031 | M3: 2032 | N3: 2033 | O3: 2034 | P3: 2035
A4: 74007 | B4: Ayacucho | C4: 23280 | D4: 23423 | E4: 23540 | F4: 23659 | G4: 23776 | H4: 23891 | I4: 24005 | J4: 24118 | K4: 24228 | L4: 24338 | M4: 24449 | N4: 24558 | O4: 24667 | P4: 24775
A5: 74014 | B5: Belgrano | C5: 5439 | D5: 5492 | E5: 5535 | F5: 5579 | G5: 5622 | H5: 5665 | I5: 5707 | J5: 5748 | K5: 5790 | L5: 5831 | M5: 5871 | N5: 5911 | O5: 5952 | P5: 5991
A6: 74028 | B6: Chacabuco | C6: 25850 | D6: 26028 | E6: 26174 | F6: 26322 | G6: 26467 | H6: 26611 | I6: 26752 | J6: 26892 | K6: 27029 | L6: 27167 | M6: 27303 | N6: 27440 | O6: 27575 | P6: 27710
A7: 74021 | B7: Coronel Pringles | C7: 15627 | D7: 15707 | E7: 15774 | F7: 15840 | G7: 15906 | H7: 15972 | I7: 16035 | J7: 16099 | K7: 16161 | L7: 16222 | M7: 16284 | N7: 16346 | O7: 16408 | P7: 16468
A8: 74035 | B8: General Pedernera | C8: 144877 | D8: 145466 | E8: 145949 | F8: 146439 | G8: 146924 | H8: 147400 | I8: 147870 | J8: 148333 | K8: 148789 | L8: 149246 | M8: 149700 | N8: 150153 | O8: 150603 | P8: 151047
A9: 74042 | B9: Gobernador Dupuy | C9: 13969 | D9: 14041 | E9: 14098 | F9: 14157 | G9: 14216 | H9: 14274 | I9: 14330 | J9: 14385 | K9: 14440 | L9: 14496 | M9: 14551 | N9: 14605 | O9: 14660 | P9: 14713
A10: 74056 | B10: Juan Martín de Pueyrredón | C10: 254641 | D10: 256417 | E10: 257873 | F10: 259348 | G10: 260807 | H10: 262243 | I10: 263654 | J10: 265050 | K10: 266424 | L10: 267798 | M10: 269166 | N10: 270528 | O10: 271884 | P10: 273225
A11: 74049 | B11: Junín | C11: 39276 | D11: 39661 | E11: 39976 | F11: 40295 | G11: 40611 | H11: 40922 | I11: 41229 | J11: 41531 | K11: 41829 | L11: 42126 | M11: 42423 | N11: 42717 | O11: 43012 | P11: 43302
A12: 74063 | B12: Libertador General San Martín | C12: 4571 | D12: 4557 | E12: 4546 | F12: 4534 | G12: 4523 | H12: 4512 | I12: 4500 | J12: 4490 | K12: 4479 | L12: 4469 | M12: 4458 | N12: 4448 | O12: 4437 | P12: 4427
A14: Varones
A15: Código | B15: Departamento | C15: 2022 | D15: 2023 | E15: 2024 | F15: 2025 | G15: 2026 | H15: 2027 | I15: 2028 | J15: 2029 | K15: 2030 | L15: 2031 | M15: 2032 | N15: 2033 | O15: 2034 | P15: 2035
A16: 74007 | B16: Ayacucho | C16: 11841 | D16: 11913 | E16: 11971 | F16: 12029 | G16: 12086 | H16: 12142 | I16: 12198 | J16: 12253 | K16: 12307 | L16: 12361 | M16: 12416 | N16: 12469 | O16: 12523 | P16: 12577
A17: 74014 | B17: Belgrano | C17: 2881 | D17: 2905 | E17: 2924 | F17: 2943 | G17: 2961 | H17: 2980 | I17: 2998 | J17: 3016 | K17: 3034 | L17: 3052 | M17: 3069 | N17: 3087 | O17: 3105 | P17: 3122
A18: 74028 | B18: Chacabuco | C18: 13029 | D18: 13119 | E18: 13191 | F18: 13263 | G18: 13334 | H18: 13404 | I18: 13473 | J18: 13541 | K18: 13608 | L18: 13676 | M18: 13743 | N18: 13810 | O18: 13877 | P18: 13944
A19: 74021 | B19: Coronel Pringles | C19: 8045 | D19: 8086 | E19: 8120 | F19: 8153 | G19: 8186 | H19: 8219 | I19: 8250 | J19: 8282 | K19: 8313 | L19: 8344 | M19: 8375 | N19: 8406 | O19: 8438 | P19: 8468
A20: 74035 | B20: General Pedernera | C20: 71837 | D20: 72120 | E20: 72346 | F20: 72572 | G20: 72796 | H20: 73016 | I20: 73233 | J20: 73448 | K20: 73659 | L20: 73872 | M20: 74084 | N20: 74295 | O20: 74506 | P20: 74715
A21: 74042 | B21: Gobernador Dupuy | C21: 7296 | D21: 7334 | E21: 7363 | F21: 7393 | G21: 7423 | H21: 7452 | I21: 7480 | J21: 7508 | K21: 7536 | L21: 7564 | M21: 7592 | N21: 7620 | O21: 7648 | P21: 7675
A22: 74056 | B22: Juan Martín de Pueyrredón | C22: 125507 | D22: 126398 | E22: 127109 | F22: 127822 | G22: 128526 | H22: 129220 | I22: 129902 | J22: 130578 | K22: 131244 | L22: 131912 | M22: 132579 | N22: 133243 | O22: 133908 | P22: 134567
A23: 74049 | B23: Junín | C23: 19427 | D23: 19621 | E23: 19775 | F23: 19930 | G23: 20083 | H23: 20234 | I23: 20383 | J23: 20530 | K23: 20675 | L23: 20820 | M23: 20965 | N23: 21109 | O23: 21254 | P23: 21397
A24: 74063 | B24: Libertador General San Martín | C24: 2462 | D24: 2453 | E24: 2446 | F24: 2439 | G24: 2432 | H24: 2425 | I24: 2418 | J24: 2412 | K24: 2405 | L24: 2399 | M24: 2392 | N24: 2386 | O24: 2379 | P24: 2373
A26: Mujeres
A27: Código | B27: Departamento | C27: 2022 | D27: 2023 | E27: 2024 | F27: 2025 | G27: 2026 | H27: 2027 | I27: 2028 | J27: 2029 | K27: 2030 | L27: 2031 | M27: 2032 | N27: 2033 | O27: 2034 | P27: 2035
A28: 74007 | B28: Ayacucho | C28: 11439 | D28: 11510 | E28: 11569 | F28: 11630 | G28: 11690 | H28: 11749 | I28: 11807 | J28: 11865 | K28: 11921 | L28: 11977 | M28: 12033 | N28: 12089 | O28: 12144 | P28: 12198
A29: 74014 | B29: Belgrano | C29: 2558 | D29: 2587 | E29: 2611 | F29: 2636 | G29: 2661 | H29: 2685 | I29: 2709 | J29: 2732 | K29: 2756 | L29: 2779 | M29: 2802 | N29: 2824 | O29: 2847 | P29: 2869
A30: 74028 | B30: Chacabuco | C30: 12821 | D30: 12909 | E30: 12983 | F30: 13059 | G30: 13133 | H30: 13207 | I30: 13279 | J30: 13351 | K30: 13421 | L30: 13491 | M30: 13560 | N30: 13630 | O30: 13698 | P30: 13766
A31: 74021 | B31: Coronel Pringles | C31: 7582 | D31: 7621 | E31: 7654 | F31: 7687 | G31: 7720 | H31: 7753 | I31: 7785 | J31: 7817 | K31: 7848 | L31: 7878 | M31: 7909 | N31: 7940 | O31: 7970 | P31: 8000
A32: 74035 | B32: General Pedernera | C32: 73040 | D32: 73346 | E32: 73603 | F32: 73867 | G32: 74128 | H32: 74384 | I32: 74637 | J32: 74885 | K32: 75130 | L32: 75374 | M32: 75616 | N32: 75858 | O32: 76097 | P32: 76332
A33: 74042 | B33: Gobernador Dupuy | C33: 6673 | D33: 6707 | E33: 6735 | F33: 6764 | G33: 6793 | H33: 6822 | I33: 6850 | J33: 6877 | K33: 6904 | L33: 6932 | M33: 6959 | N33: 6985 | O33: 7012 | P33: 7038
A34: 74056 | B34: Juan Martín de Pueyrredón | C34: 129134 | D34: 130019 | E34: 130764 | F34: 131526 | G34: 132281 | H34: 133023 | I34: 133752 | J34: 134472 | K34: 135180 | L34: 135886 | M34: 136587 | N34: 137285 | O34: 137976 | P34: 138658
A35: 74049 | B35: Junín | C35: 19849 | D35: 20040 | E35: 20201 | F35: 20365 | G35: 20528 | H35: 20688 | I35: 20846 | J35: 21001 | K35: 21154 | L35: 21306 | M35: 21458 | N35: 21608 | O35: 21758 | P35: 21905
A36: 74063 | B36: Libertador General San Martín | C36: 2109 | D36: 2104 | E36: 2100 | F36: 2095 | G36: 2091 | H36: 2087 | I36: 2082 | J36: 2078 | K36: 2074 | L36: 2070 | M36: 2066 | N36: 2062 | O36: 2058 | P36: 2054
A38: Fuente: INDEC, estimaciones elaboradas con base en el Censo Nacional de Población, Hogares y Viviendas 2022.

Sheet 78-SANTA CRUZ
A1: Cuadro 20. Provincia de Santa Cruz. Población estimada al 1.° de julio de cada año calendario, por sexo, según departamento. Años 2022-2035
A2: Ambos sexos
A3: Código | B3: Departamento | C3: 2022 | D3: 2023 | E3: 2024 | F3: 2025 | G3: 2026 | H3: 2027 | I3: 2028 | J3: 2029 | K3: 2030 | L3: 2031 | M3: 2032 | N3: 2033 | O3: 2034 | P3: 2035
A4: 78007 | B4: Corpen Aike | C4: 15048 | D4: 15056 | E4: 15071 | F4: 15084 | G4: 15094 | H4: 15099 | I4: 15104 | J4: 15106 | K4: 15108 | L4: 15110 | M4: 15112 | N4: 15115 | O4: 15117 | P4: 15120
A5: 78014 | B5: Deseado | C5: 125723 | D5: 125765 | E5: 125828 | F5: 125889 | G5: 125931 | H5: 125958 | I5: 125979 | J5: 125992 | K5: 125996 | L5: 126006 | M5: 126014 | N5: 126024 | O5: 126034 | P5: 126053
A6: 78021 | B6: Güer Aike | C6: 136672 | D6: 136724 | E6: 136804 | F6: 136881 | G6: 136935 | H6: 136969 | I6: 136997 | J6: 137012 | K6: 137016 | L6: 137028 | M6: 137037 | N6: 137050 | O6: 137062 | P6: 137086
A7: 78028 | B7: Lago Argentino | C7: 25380 | D7: 25394 | E7: 25417 | F7: 25438 | G7: 25453 | H7: 25462 | I7: 25470 | J7: 25473 | K7: 25474 | L7: 25478 | M7: 25480 | N7: 25484 | O7: 25487 | P7: 25493
A8: 78035 | B8: Lago Buenos Aires | C8: 12511 | D8: 12523 | E8: 12536 | F8: 12550 | G8: 12559 | H8: 12566 | I8: 12571 | J8: 12575 | K8: 12577 | L8: 12580 | M8: 12583 | N8: 12586 | O8: 12589 | P8: 12593
A9: 78042 | B9: Magallanes | C9: 12810 | D9: 12819 | E9: 12831 | F9: 12842 | G9: 12851 | H9: 12856 | I9: 12860 | J9: 12862 | K9: 12863 | L9: 12864 | M9: 12865 | N9: 12867 | O9: 12869 | P9: 12872
A10: 78049 | B10: Río Chico | C10: 6253 | D10: 6260 | E10: 6265 | F10: 6269 | G10: 6273 | H10: 6276 | I10: 6279 | J10: 6282 | K10: 6283 | L10: 6285 | M10: 6287 | N10: 6289 | O10: 6291 | P10: 6294
A12: Varones
A13: Código | B13: Departamento | C13: 2022 | D13: 2023 | E13: 2024 | F13: 2025 | G13: 2026 | H13: 2027 | I13: 2028 | J13: 2029 | K13: 2030 | L13: 2031 | M13: 2032 | N13: 2033 | O13: 2034 | P13: 2035
A14: 78007 | B14: Corpen Aike | C14: 7687 | D14: 7676 | E14: 7681 | F14: 7684 | G14: 7684 | H14: 7682 | I14: 7680 | J14: 7676 | K14: 7672 | L14: 7669 | M14: 7666 | N14: 7663 | O14: 7660 | P14: 7657
A15: 78014 | B15: Deseado | C15: 64636 | D15: 64589 | E15: 64609 | F15: 64622 | G15: 64622 | H15: 64615 | I15: 64604 | J15: 64589 | K15: 64570 | L15: 64555 | M15: 64538 | N15: 64524 | O15: 64510 | P15: 64500
A16: 78021 | B16: Güer Aike | C16: 69305 | D16: 69243 | E16: 69269 | F16: 69286 | G16: 69287 | H16: 69277 | I16: 69264 | J16: 69244 | K16: 69219 | L16: 69199 | M16: 69177 | N16: 69159 | O16: 69141 | P16: 69128
A17: 78028 | B17: Lago Argentino | C17: 13013 | D17: 12995 | E17: 13003 | F17: 13008 | G17: 13008 | H17: 13005 | I17: 13001 | J17: 12995 | K17: 12988 | L17: 12983 | M17: 12976 | N17: 12971 | O17: 12966 | P17: 12962
A18: 78035 | B18: Lago Buenos Aires | C18: 6507 | D18: 6498 | E18: 6502 | F18: 6504 | G18: 6504 | H18: 6503 | I18: 6501 | J18: 6498 | K18: 6495 | L18: 6492 | M18: 6489 | N18: 6487 | O18: 6484 | P18: 6482
A19: 78042 | B19: Magallanes | C19: 6628 | D19: 6619 | E19: 6623 | F19: 6625 | G19: 6626 | H19: 6624 | I19: 6622 | J19: 6619 | K19: 6615 | L19: 6611 | M19: 6608 | N19: 6605 | O19: 6602 | P19: 6600
A20: 78049 | B20: Río Chico | C20: 3182 | D20: 3181 | E20: 3181 | F20: 3181 | G20: 3181 | H20: 3181 | I20: 3181 | J20: 3181 | K20: 3180 | L20: 3180 | M20: 3179 | N20: 3179 | O20: 3179 | P20: 3179
A22: Mujeres
A23: Código | B23: Departamento | C23: 2022 | D23: 2023 | E23: 2024 | F23: 2025 | G23: 2026 | H23: 2027 | I23: 2028 | J23: 2029 | K23: 2030 | L23: 2031 | M23: 2032 | N23: 2033 | O23: 2034 | P23: 2035
A24: 78007 | B24: Corpen Aike | C24: 7361 | D24: 7380 | E24: 7390 | F24: 7400 | G24: 7410 | H24: 7417 | I24: 7424 | J24: 7430 | K24: 7436 | L24: 7441 | M24: 7446 | N24: 7452 | O24: 7457 | P24: 7463
A25: 78014 | B25: Deseado | C25: 61087 | D25: 61176 | E25: 61219 | F25: 61267 | G25: 61309 | H25: 61343 | I25: 61375 | J25: 61403 | K25: 61426 | L25: 61451 | M25: 61476 | N25: 61500 | O25: 61524 | P25: 61553
A26: 78021 | B26: Güer Aike | C26: 67367 | D26: 67481 | E26: 67535 | F26: 67595 | G26: 67648 | H26: 67692 | I26: 67733 | J26: 67768 | K26: 67797 | L26: 67829 | M26: 67860 | N26: 67891 | O26: 67921 | P26: 67958
A27: 78028 | B27: Lago Argentino | C27: 12367 | D27: 12399 | E27: 12414 | F27: 12430 | G27: 12445 | H27: 12457 | I27: 12469 | J27: 12478 | K27: 12486 | L27: 12495 | M27: 12504 | N27: 12513 | O27: 12521 | P27: 12531
A28: 78035 | B28: Lago Buenos Aires | C28: 6004 | D28: 6025 | E28: 6034 | F28: 6046 | G28: 6055 | H28: 6063 | I28: 6070 | J28: 6077 | K28: 6082 | L28: 6088 | M28: 6094 | N28: 6099 | O28: 6105 | P28: 6111
A29: 78042 | B29: Magallanes | C29: 6182 | D29: 6200 | E29: 6208 | F29: 6217 | G29: 6225 | H29: 6232 | I29: 6238 | J29: 6243 | K29: 6248 | L29: 6253 | M29: 6257 | N29: 6262 | O29: 6267 | P29: 6272
A30: 78049 | B30: Río Chico | C30: 3071 | D30: 3079 | E30: 3084 | F30: 3088 | G30: 3092 | H30: 3095 | I30: 3098 | J30: 3101 | K30: 3103 | L30: 3105 | M30: 3108 | N30: 3110 | O30: 3112 | P30: 3115
A32: Fuente: INDEC, estimaciones elaboradas con base en el Censo Nacional de Población, Hogares y Viviendas 2022.

Sheet 82-SANTA FE
A1: Cuadro 21. Provincia de Santa Fe. Población estimada al 1.° de julio de cada año calendario, por sexo, según departamento. Años 2022-2035
A2: Ambos sexos
A3: Código | B3: Departamento | C3: 2022 | D3: 2023 | E3: 2024 | F3: 2025 | G3: 2026 | H3: 2027 | I3: 2028 | J3: 2029 | K3: 2030 | L3: 2031 | M3: 2032 | N3: 2033 | O3: 2034 | P3: 2035
A4: 82007 | B4: Belgrano | C4: 50524 | D4: 50571 | E4: 50631 | F4: 50686 | G4: 50735 | H4: 50775 | I4: 50812 | J4: 50847 | K4: 50881 | L4: 50915 | M4: 50947 | N4: 50980 | O4: 51012 | P4: 51043
A5: 82014 | B5: Caseros | C5: 89999 | D5: 90037 | E5: 90084 | F5: 90130 | G5: 90168 | H5: 90200 | I5: 90229 | J5: 90258 | K5: 90285 | L5: 90311 | M5: 90338 | N5: 90363 | O5: 90389 | P5: 90413
A6: 82021 | B6: Castellanos | C6: 197356 | D6: 197474 | E6: 197622 | F6: 197762 | G6: 197880 | H6: 197973 | I6: 198058 | J6: 198141 | K6: 198218 | L6: 198294 | M6: 198370 | N6: 198444 | O6: 198515 | P6: 198585
A7: 82028 | B7: Constitución | C7: 96763 | D7: 96828 | E7: 96907 | F7: 96982 | G7: 97047 | H7: 97097 | I7: 97144 | J7: 97189 | K7: 97232 | L7: 97273 | M7: 97315 | N7: 97355 | O7: 97395 | P7: 97433
A8: 82035 | B8: Garay | C8: 25819 | D8: 25875 | E8: 25944 | F8: 26010 | G8: 26065 | H8: 26109 | I8: 26147 | J8: 26185 | K8: 26221 | L8: 26256 | M8: 26290 | N8: 26324 | O8: 26357 | P8: 26388
A9: 82042 | B9: General López | C9: 208747 | D9: 208825 | E9: 208924 | F9: 209018 | G9: 209097 | H9: 209163 | I9: 209223 | J9: 209282 | K9: 209337 | L9: 209392 | M9: 209446 | N9: 209500 | O9: 209551 | P9: 209602
A10: 82049 | B10: General Obligado | C10: 205031 | D10: 205299 | E10: 205634 | F10: 205947 | G10: 206211 | H10: 206418 | I10: 206608 | J10: 206792 | K10: 206962 | L10: 207132 | M10: 207299 | N10: 207462 | O10: 207620 | P10: 207774
A11: 82056 | B11: Iriondo | C11: 77154 | D11: 77249 | E11: 77369 | F11: 77482 | G11: 77577 | H11: 77653 | I11: 77723 | J11: 77790 | K11: 77854 | L11: 77916 | M11: 77977 | N11: 78037 | O11: 78096 | P11: 78154
A12: 82063 | B12: La Capital | C12: 592339 | D12: 592851 | E12: 593491 | F12: 594096 | G12: 594604 | H12: 595010 | I12: 595380 | J12: 595740 | K12: 596077 | L12: 596409 | M12: 596739 | N12: 597061 | O12: 597373 | P12: 597678
A13: 82070 | B13: Las Colonias | C13: 119867 | D13: 119996 | E13: 120160 | F13: 120312 | G13: 120441 | H13: 120544 | I13: 120638 | J13: 120730 | K13: 120815 | L13: 120900 | M13: 120983 | N13: 121066 | O13: 121145 | P13: 121222
A14: 82077 | B14: 9 de Julio | C14: 32103 | D14: 32107 | E14: 32110 | F14: 32112 | G14: 32114 | H14: 32115 | I14: 32116 | J14: 32116 | K14: 32116 | L14: 32117 | M14: 32117 | N14: 32117 | O14: 32118 | P14: 32118
... A22: 82133 | B22: Vera | C22: 58027 | D22: 58075 | E22: 58132 | F22: 58187 | G22: 58231 | H22: 58267 | I22: 58299 | J22: 58330 | K22: 58359 | L22: 58388 | M22: 58416 | N22: 58444 | O22: 58470 | P22: 58497
A24: Varones
A25: Código | B25: Departamento | C25: 2022 | D25: 2023 | E25: 2024 | F25: 2025 | G25: 2026 | H25: 2027 | I25: 2028 | J25: 2029 | K25: 2030 | L25: 2031 | M25: 2032 | N25: 2033 | O25: 2034 | P25: 2035
A26: 82007 | B26: Belgrano | C26: 25310 | D26: 25346 | E26: 25391 | F26: 25434 | G26: 25473 | H26: 25506 | I26: 25537 | J26: 25567 | K26: 25596 | L26: 25625 | M26: 25653 | N26: 25681 | O26: 25709 | P26: 25736
A27: 82014 | B27: Caseros | C27: 44232 | D27: 44260 | E27: 44295 | F27: 44330 | G27: 44360 | H27: 44386 | I27: 44410 | J27: 44434 | K27: 44457 | L27: 44479 | M27: 44502 | N27: 44524 | O27: 44546 | P27: 44567
A28: 82021 | B28: Castellanos | C28: 97853 | D28: 97923 | E28: 98011 | F28: 98098 | G28: 98175 | H28: 98240 | I28: 98301 | J28: 98361 | K28: 98418 | L28: 98475 | M28: 98532 | N28: 98588 | O28: 98642 | P28: 98696
A29: 82028 | B29: Constitución | C29: 47682 | D29: 47722 | E29: 47771 | F29: 47820 | G29: 47864 | H29: 47900 | I29: 47935 | J29: 47968 | K29: 48001 | L29: 48033 | M29: 48065 | N29: 48096 | O29: 48127 | P29: 48157
A30: 82035 | B30: Garay | C30: 12930 | D30: 12960 | E30: 12998 | F30: 13036 | G30: 13069 | H30: 13098 | I30: 13124 | J30: 13150 | K30: 13175 | L30: 13200 | M30: 13224 | N30: 13248 | O30: 13272 | P30: 13295
A31: 82042 | B31: General López | C31: 103089 | D31: 103145 | E31: 103217 | F31: 103287 | G31: 103348 | H31: 103401 | I31: 103450 | J31: 103499 | K31: 103545 | L31: 103591 | M31: 103636 | N31: 103682 | O31: 103725 | P31: 103769
A32: 82049 | B32: General Obligado | C32: 101257 | D32: 101407 | E32: 101597 | F32: 101783 | G32: 101947 | H32: 102086 | I32: 102217 | J32: 102346 | K32: 102468 | L32: 102590 | M32: 102711 | N32: 102831 | O32: 102948 | P32: 103063
A33: 82056 | B33: Iriondo | C33: 38051 | D33: 38109 | E33: 38183 | F33: 38255 | G33: 38319 | H33: 38373 | I33: 38424 | J33: 38474 | K33: 38522 | L33: 38569 | M33: 38616 | N33: 38662 | O33: 38708 | P33: 38753
A34: 82063 | B34: La Capital | C34: 285854 | D34: 286164 | E34: 286555 | F34: 286941 | G34: 287279 | H34: 287567 | I34: 287837 | J34: 288103 | K34: 288357 | L34: 288608 | M34: 288859 | N34: 289106 | O34: 289347 | P34: 289585
A35: 82070 | B35: Las Colonias | C35: 59561 | D35: 59640 | E35: 59741 | F35: 59839 | G35: 59925 | H35: 59999 | I35: 60068 | J35: 60136 | K35: 60201 | L35: 60265 | M35: 60329 | N35: 60393 | O35: 60454 | P35: 60515
A36: 82077 | B36: 9 de Julio | C36: 16075 | D36: 16074 | E36: 16072 | F36: 16069 | G36: 16068 | H36: 16066 | I36: 16065 | J36: 16063 | K36: 16062 | L36: 16061 | M36: 16059 | N36: 16058 | O36: 16057 | P36: 16056
... A44: 82133 | B44: Vera | C44: 28926 | D44: 28951 | E44: 28981 | F44: 29012 | G44: 29038 | H44: 29061 | I44: 29082 | J44: 29103 | K44: 29123 | L44: 29143 | M44: 29163 | N44: 29182 | O44: 29201 | P44: 29220
A46: Mujeres
A47: Código | B47: Departamento | C47: 2022 | D47: 2023 | E47: 2024 | F47: 2025 | G47: 2026 | H47: 2027 | I47: 2028 | J47: 2029 | K47: 2030 | L47: 2031 | M47: 2032 | N47: 2033 | O47: 2034 | P47: 2035
A48: 82007 | B48: Belgrano | C48: 25214 | D48: 25225 | E48: 25240 | F48: 25252 | G48: 25262 | H48: 25269 | I48: 25275 | J48: 25280 | K48: 25285 | L48: 25290 | M48: 25294 | N48: 25299 | O48: 25303 | P48: 25307
A49: 82014 | B49: Caseros | C49: 45767 | D49: 45777 | E49: 45789 | F49: 45800 | G49: 45808 | H49: 45814 | I49: 45819 | J49: 45824 | K49: 45828 | L49: 45832 | M49: 45836 | N49: 45839 | O49: 45843 | P49: 45846
A50: 82021 | B50: Castellanos | C50: 99503 | D50: 99551 | E50: 99611 | F50: 99664 | G50: 99705 | H50: 99733 | I50: 99757 | J50: 99780 | K50: 99800 | L50: 99819 | M50: 99838 | N50: 99856 | O50: 99873 | P50: 99889
A51: 82028 | B51: Constitución | C51: 49081 | D51: 49106 | E51: 49136 | F51: 49162 | G51: 49183 | H51: 49197 | I51: 49209 | J51: 49221 | K51: 49231 | L51: 49240 | M51: 49250 | N51: 49259 | O51: 49268 | P51: 49276
A52: 82035 | B52: Garay | C52: 12889 | D52: 12915 | E52: 12946 | F52: 12974 | G52: 12996 | H52: 13011 | I52: 13023 | J52: 13035 | K52: 13046 | L52: 13056 | M52: 13066 | N52: 13076 | O52: 13085 | P52: 13093
A53: 82042 | B53: General López | C53: 105658 | D53: 105680 | E53: 105707 | F53: 105731 | G53: 105749 | H53: 105762 | I53: 105773 | J53: 105783 | K53: 105792 | L53: 105801 | M53: 105810 | N53: 105818 | O53: 105826 | P53: 105833
A54: 82049 | B54: General Obligado | C54: 103774 | D54: 103892 | E54: 104037 | F54: 104164 | G54: 104264 | H54: 104332 | I54: 104391 | J54: 104446 | K54: 104494 | L54: 104542 | M54: 104588 | N54: 104631 | O54: 104672 | P54: 104711
A55: 82056 | B55: Iriondo | C55: 39103 | D55: 39140 | E55: 39186 | F55: 39227 | G55: 39258 | H55: 39280 | I55: 39299 | J55: 39316 | K55: 39332 | L55: 39347 | M55: 39361 | N55: 39375 | O55: 39388 | P55: 39401
A56: 82063 | B56: La Capital | C56: 306485 | D56: 306687 | E56: 306936 | F56: 307155 | G56: 307325 | H56: 307443 | I56: 307543 | J56: 307637 | K56: 307720 | L56: 307801 | M56: 307880 | N56: 307955 | O56: 308026 | P56: 308093
A57: 82070 | B57: Las Colonias | C57: 60306 | D57: 60356 | E57: 60419 | F57: 60473 | G57: 60516 | H57: 60545 | I57: 60570 | J57: 60594 | K57: 60614 | L57: 60635 | M57: 60654 | N57: 60673 | O57: 60691 | P57: 60707
A58: 82077 | B58: 9 de Julio | C58: 16028 | D58: 16033 | E58: 16038 | F58: 16043 | G58: 16046 | H58: 16049 | I58: 16051 | J58: 16053 | K58: 16054 | L58: 16056 | M58: 16058 | N58: 16059 | O58: 16061 | P58: 16062
... A66: 82133 | B66: Vera | C66: 29101 | D66: 29124 | E66: 29151 | F66: 29175 | G66: 29193 | H66: 29206 | I66: 29217 | J66: 29227 | K66: 29236 | L66: 29245 | M66: 29253 | N66: 29262 | O66: 29269 | P66: 29277
A68: Fuente: INDEC, estimaciones elaboradas con base en el Censo Nacional de Población, Hogares y Viviendas 2022.

Sheet 86-SANTIAGO DEL ESTERO
A1: Cuadro 22. Provincia de Santiago del Estero. Población estimada al 1.° de julio de cada año calendario, por sexo, según departamento. Años 2022-2035
A2: Ambos sexos
A3: Código | B3: Departamento | C3: 2022 | D3: 2023 | E3: 2024 | F3: 2025 | G3: 2026 | H3: 2027 | I3: 2028 | J3: 2029 | K3: 2030 | L3: 2031 | M3: 2032 | N3: 2033 | O3: 2034 | P3: 2035
A4: 86007 | B4: Aguirre | C4: 8841 | D4: 8868 | E4: 8894 | F4: 8916 | G4: 8937 | H4: 8958 | I4: 8976 | J4: 8995 | K4: 9013 | L4: 9033 | M4: 9052 | N4: 9072 | O4: 9093 | P4: 9113
A5: 86014 | B5: Alberdi | C5: 19826 | D5: 19881 | E5: 19931 | F5: 19975 | G5: 20016 | H5: 20055 | I5: 20092 | J5: 20129 | K5: 20166 | L5: 20203 | M5: 20242 | N5: 20282 | O5: 20321 | P5: 20363
A6: 86021 | B6: Atamisqui | C6: 14691 | D6: 14807 | E6: 14908 | F6: 14996 | G6: 15079 | H6: 15157 | I6: 15232 | J6: 15305 | K6: 15380 | L6: 15457 | M6: 15537 | N6: 15617 | O6: 15700 | P6: 15783
A7: 86028 | B7: Avellaneda | C7: 25114 | D7: 25228 | E7: 25326 | F7: 25414 | G7: 25496 | H7: 25574 | I7: 25647 | J7: 25719 | K7: 25793 | L7: 25869 | M7: 25947 | N7: 26026 | O7: 26107 | P7: 26189
A8: 86035 | B8: Banda | C8: 168070 | D8: 168705 | E8: 169262 | F8: 169755 | G8: 170217 | H8: 170653 | I8: 171067 | J8: 171477 | K8: 171889 | L8: 172318 | M8: 172757 | N8: 173204 | O8: 173659 | P8: 174118
A9: 86042 | B9: Belgrano | C9: 10661 | D9: 10694 | E9: 10722 | F9: 10746 | G9: 10771 | H9: 10793 | I9: 10813 | J9: 10835 | K9: 10856 | L9: 10878 | M9: 10899 | N9: 10922 | O9: 10945 | P9: 10969
A10: 86049 | B10: Capital | C10: 325049 | D10: 326586 | E10: 327932 | F10: 329124 | G10: 330241 | H10: 331294 | I10: 332293 | J10: 333282 | K10: 334279 | L10: 335316 | M10: 336379 | N10: 337459 | O10: 338558 | P10: 339669
A11: 86063 | B11: Choya | C11: 43102 | D11: 43330 | E11: 43530 | F11: 43705 | G11: 43871 | H11: 44027 | I11: 44174 | J11: 44320 | K11: 44468 | L11: 44622 | M11: 44780 | N11: 44941 | O11: 45104 | P11: 45268
A12: 86056 | B12: Copo | C12: 35242 | D12: 35315 | E12: 35380 | F12: 35438 | G12: 35492 | H12: 35543 | I12: 35592 | J12: 35640 | K12: 35688 | L12: 35737 | M12: 35789 | N12: 35840 | O12: 35893 | P12: 35946
A13: 86070 | B13: Figueroa | C13: 19990 | D13: 20026 | E13: 20059 | F13: 20090 | G13: 20118 | H13: 20144 | I13: 20170 | J13: 20194 | K13: 20219 | L13: 20245 | M13: 20271 | N13: 20297 | O13: 20323 | P13: 20350
A14: 86077 | B14: General Taboada | C14: 45833 | D14: 46028 | E14: 46198 | F14: 46349 | G14: 46491 | H14: 46625 | I14: 46752 | J14: 46876 | K14: 47003 | L14: 47134 | M14: 47270 | N14: 47407 | O14: 47545 | P14: 47686
... A30: 86189 | B30: Silípica | C30: 9629 | D30: 9681 | E30: 9727 | F30: 9768 | G30: 9807 | H30: 9842 | I30: 9877 | J30: 9910 | K30: 9944 | L30: 9980 | M30: 10017 | N30: 10053 | O30: 10091 | P30: 10129
A32: Varones
A33: Código | B33: Departamento | C33: 2022 | D33: 2023 | E33: 2024 | F33: 2025 | G33: 2026 | H33: 2027 | I33: 2028 | J33: 2029 | K33: 2030 | L33: 2031 | M33: 2032 | N33: 2033 | O33: 2034 | P33: 2035
A34: 86007 | B34: Aguirre | C34: 4496 | D34: 4505 | E34: 4513 | F34: 4519 | G34: 4525 | H34: 4531 | I34: 4536 | J34: 4542 | K34: 4547 | L34: 4553 | M34: 4559 | N34: 4565 | O34: 4572 | P34: 4578
A35: 86014 | B35: Alberdi | C35: 10365 | D35: 10386 | E35: 10404 | F35: 10418 | G35: 10432 | H35: 10445 | I35: 10457 | J35: 10470 | K35: 10483 | L35: 10496 | M35: 10510 | N35: 10525 | O35: 10539 | P35: 10555
A36: 86021 | B36: Atamisqui | C36: 7558 | D36: 7619 | E36: 7669 | F36: 7709 | G36: 7748 | H36: 7784 | I36: 7819 | J36: 7854 | K36: 7890 | L36: 7928 | M36: 7968 | N36: 8008 | O36: 8050 | P36: 8092
A37: 86028 | B37: Avellaneda | C37: 12907 | D37: 12961 | E37: 13004 | F37: 13040 | G37: 13074 | H37: 13106 | I37: 13137 | J37: 13167 | K37: 13199 | L37: 13232 | M37: 13267 | N37: 13302 | O37: 13339 | P37: 13376
A38: 86035 | B38: Banda | C38: 83141 | D38: 83438 | E38: 83680 | F38: 83878 | G38: 84066 | H38: 84244 | I38: 84415 | J38: 84587 | K38: 84761 | L38: 84947 | M38: 85140 | N38: 85338 | O38: 85542 | P38: 85749
A39: 86042 | B39: Belgrano | C39: 5516 | D39: 5531 | E39: 5543 | F39: 5552 | G39: 5562 | H39: 5571 | I39: 5579 | J39: 5588 | K39: 5597 | L39: 5606 | M39: 5615 | N39: 5625 | O39: 5635 | P39: 5646
A40: 86049 | B40: Capital | C40: 158480 | D40: 159214 | E40: 159810 | F40: 160300 | G40: 160765 | H40: 161205 | I40: 161627 | J40: 162050 | K40: 162482 | L40: 162940 | M40: 163417 | N40: 163905 | O40: 164409 | P40: 164920
A41: 86063 | B41: Choya | C41: 21806 | D41: 21921 | E41: 22015 | F41: 22091 | G41: 22165 | H41: 22234 | I41: 22300 | J41: 22366 | K41: 22434 | L41: 22506 | M41: 22581 | N41: 22658 | O41: 22737 | P41: 22817
A42: 86056 | B42: Copo | C42: 18313 | D42: 18340 | E42: 18362 | F42: 18380 | G42: 18396 | H42: 18412 | I42: 18428 | J42: 18443 | K42: 18459 | L42: 18475 | M42: 18493 | N42: 18510 | O42: 18529 | P42: 18547
A43: 86070 | B43: Figueroa | C43: 10462 | D43: 10468 | E43: 10473 | F43: 10478 | G43: 10482 | H43: 10485 | I43: 10489 | J43: 10492 | K43: 10496 | L43: 10500 | M43: 10504 | N43: 10508 | O43: 10512 | P43: 10517
A44: 86077 | B44: General Taboada | C44: 23192 | D44: 23285 | E44: 23360 | F44: 23422 | G44: 23481 | H44: 23537 | I44: 23591 | J44: 23644 | K44: 23699 | L44: 23757 | M44: 23818 | N44: 23880 | O44: 23943 | P44: 24008
... A60: 86189 | B60: Silípica | C60: 4965 | D60: 4987 | E60: 5005 | F60: 5020 | G60: 5034 | H60: 5047 | I60: 5060 | J60: 5072 | K60: 5085 | L60: 5099 | M60: 5114 | N60: 5128 | O60: 5143 | P60: 5159
A62: Mujeres
A63: Código | B63: Departamento | C63: 2022 | D63: 2023 | E63: 2024 | F63: 2025 | G63: 2026 | H63: 2027 | I63: 2028 | J63: 2029 | K63: 2030 | L63: 2031 | M63: 2032 | N63: 2033 | O63: 2034 | P63: 2035
A64: 86007 | B64: Aguirre | C64: 4345 | D64: 4363 | E64: 4381 | F64: 4397 | G64: 4412 | H64: 4427 | I64: 4440 | J64: 4453 | K64: 4466 | L64: 4480 | M64: 4493 | N64: 4507 | O64: 4521 | P64: 4535
A65: 86014 | B65: Alberdi | C65: 9461 | D65: 9495 | E65: 9527 | F65: 9557 | G65: 9584 | H65: 9610 | I65: 9635 | J65: 9659 | K65: 9683 | L65: 9707 | M65: 9732 | N65: 9757 | O65: 9782 | P65: 9808
A66: 86021 | B66: Atamisqui | C66: 7133 | D66: 7188 | E66: 7239 | F66: 7287 | G66: 7331 | H66: 7373 | I66: 7413 | J66: 7451 | K66: 7490 | L66: 7529 | M66: 7569 | N66: 7609 | O66: 7650 | P66: 7691
A67: 86028 | B67: Avellaneda | C67: 12207 | D67: 12267 | E67: 12322 | F67: 12374 | G67: 12422 | H67: 12468 | I67: 12510 | J67: 12552 | K67: 12594 | L67: 12637 | M67: 12680 | N67: 12724 | O67: 12768 | P67: 12813
A68: 86035 | B68: Banda | C68: 84929 | D68: 85267 | E68: 85582 | F68: 85877 | G68: 86151 | H68: 86409 | I68: 86652 | J68: 86890 | K68: 87128 | L68: 87371 | M68: 87617 | N68: 87866 | O68: 88117 | P68: 88369
A69: 86042 | B69: Belgrano | C69: 5145 | D69: 5163 | E69: 5179 | F69: 5194 | G69: 5209 | H69: 5222 | I69: 5234 | J69: 5247 | K69: 5259 | L69: 5272 | M69: 5284 | N69: 5297 | O69: 5310 | P69: 5323
A70: 86049 | B70: Capital | C70: 166569 | D70: 167372 | E70: 168122 | F70: 168824 | G70: 169476 | H70: 170089 | I70: 170666 | J70: 171232 | K70: 171797 | L70: 172376 | M70: 172962 | N70: 173554 | O70: 174149 | P70: 174749
A71: 86063 | B71: Choya | C71: 21296 | D71: 21409 | E71: 21515 | F71: 21614 | G71: 21706 | H71: 21793 | I71: 21874 | J71: 21954 | K71: 22034 | L71: 22116 | M71: 22199 | N71: 22283 | O71: 22367 | P71: 22451
A72: 86056 | B72: Copo | C72: 16929 | D72: 16975 | E72: 17018 | F72: 17058 | G72: 17096 | H72: 17131 | I72: 17164 | J72: 17197 | K72: 17229 | L72: 17262 | M72: 17296 | N72: 17330 | O72: 17364 | P72: 17399
A73: 86070 | B73: Figueroa | C73: 9528 | D73: 9558 | E73: 9586 | F73: 9612 | G73: 9636 | H73: 9659 | I73: 9681 | J73: 9702 | K73: 9723 | L73: 9745 | M73: 9767 | N73: 9789 | O73: 9811 | P73: 9833
A74: 86077 | B74: General Taboada | C74: 22641 | D74: 22743 | E74: 22838 | F74: 22927 | G74: 23010 | H74: 23088 | I74: 23161 | J74: 23232 | K74: 23304 | L74: 23377 | M74: 23452 | N74: 23527 | O74: 23602 | P74: 23678
... A90: 86189 | B90: Silípica | C90: 4664 | D90: 4694 | E90: 4722 | F90: 4748 | G90: 4773 | H90: 4795 | I90: 4817 | J90: 4838 | K90: 4859 | L90: 4881 | M90: 4903 | N90: 4925 | O90: 4948 | P90: 4970
A92: Fuente: INDEC, estimaciones elaboradas con base en el Censo Nacional de Población, Hogares y Viviendas 2022.

Sheet 90-TUCUMÁN
A1: Cuadro 23. Provincia de Tucumán. Población estimada al 1.° de julio de cada año calendario, por sexo, según departamento. Años 2022-2035
A2: Ambos sexos
A3: Código | B3: Departamento | C3: 2022 | D3: 2023 | E3: 2024 | F3: 2025 | G3: 2026 | H3: 2027 | I3: 2028 | J3: 2029 | K3: 2030 | L3: 2031 | M3: 2032 | N3: 2033 | O3: 2034 | P3: 2035
A4: 90007 | B4: Burruyacú | C4: 46203 | D4: 46366 | E4: 46533 | F4: 46704 | G4: 46866 | H4: 47019 | I4: 47162 | J4: 47302 | K4: 47439 | L4: 47578 | M4: 47718 | N4: 47859 | O4: 48001 | P4: 48142
A5: 90084 | B5: Capital | C5: 599089 | D5: 599167 | E5: 599248 | F5: 599329 | G5: 599405 | H5: 599478 | I5: 599546 | J5: 599612 | K5: 599678 | L5: 599745 | M5: 599812 | N5: 599881 | O5: 599949 | P5: 600018
A6: 90021 | B6: Chicligasta | C6: 94030 | D6: 94200 | E6: 94377 | F6: 94557 | G6: 94726 | H6: 94886 | I6: 95036 | J6: 95182 | K6: 95326 | L6: 95472 | M6: 95620 | N6: 95768 | O6: 95916 | P6: 96064
A7: 90014 | B7: Cruz Alta | C7: 231616 | D7: 232567 | E7: 233554 | F7: 234552 | G7: 235497 | H7: 236392 | I7: 237233 | J7: 238043 | K7: 238847 | L7: 239665 | M7: 240487 | N7: 241313 | O7: 242140 | P7: 242967
A8: 90028 | B8: Famaillá | C8: 43369 | D8: 43526 | E8: 43689 | F8: 43854 | G8: 44009 | H8: 44157 | I8: 44296 | J8: 44429 | K8: 44562 | L8: 44696 | M8: 44832 | N8: 44969 | O8: 45105 | P8: 45241
A9: 90035 | B9: Graneros | C9: 15789 | D9: 15818 | E9: 15846 | F9: 15877 | G9: 15905 | H9: 15931 | I9: 15956 | J9: 15980 | K9: 16003 | L9: 16027 | M9: 16052 | N9: 16076 | O9: 16101 | P9: 16125
A10: 90042 | B10: Juan Bautista Alberdi | C10: 35309 | D10: 35375 | E10: 35443 | F10: 35512 | G10: 35578 | H10: 35640 | I10: 35698 | J10: 35755 | K10: 35810 | L10: 35867 | M10: 35924 | N10: 35982 | O10: 36039 | P10: 36097
A11: 90049 | B11: La Cocha | C11: 21551 | D11: 21576 | E11: 21601 | F11: 21627 | G11: 21651 | H11: 21674 | I11: 21697 | J11: 21717 | K11: 21739 | L11: 21760 | M11: 21781 | N11: 21802 | O11: 21824 | P11: 21845
A12: 90056 | B12: Leales | C12: 67439 | D12: 67644 | E12: 67858 | F12: 68073 | G12: 68278 | H12: 68472 | I12: 68653 | J12: 68828 | K12: 69002 | L12: 69178 | M12: 69356 | N12: 69534 | O12: 69712 | P12: 69891
A13: 90063 | B13: Lules | C13: 95004 | D13: 95558 | E13: 96131 | F13: 96713 | G13: 97264 | H13: 97784 | I13: 98273 | J13: 98745 | K13: 99214 | L13: 99689 | M13: 100168 | N13: 100649 | O13: 101129 | P13: 101611
A14: 90070 | B14: Monteros | C14: 78750 | D14: 79008 | E14: 79275 | F14: 79544 | G14: 79799 | H14: 80041 | I14: 80269 | J14: 80487 | K14: 80705 | L14: 80926 | M14: 81149 | N14: 81371 | O14: 81594 | P14: 81818
... A20: 90119 | B20: Yerba Buena | C20: 104308 | D20: 104919 | E20: 105551 | F20: 106192 | G20: 106798 | H20: 107372 | I20: 107911 | J20: 108431 | K20: 108947 | L20: 109471 | M20: 109999 | N20: 110529 | O20: 111058 | P20: 111590
A22: Varones
A23: Código | B23: Departamento | C23: 2022 | D23: 2023 | E23: 2024 | F23: 2025 | G23: 2026 | H23: 2027 | I23: 2028 | J23: 2029 | K23: 2030 | L23: 2031 | M23: 2032 | N23: 2033 | O23: 2034 | P23: 2035
A24: 90007 | B24: Burruyacú | C24: 23672 | D24: 23748 | E24: 23825 | F24: 23902 | G24: 23976 | H24: 24046 | I24: 24111 | J24: 24175 | K24: 24238 | L24: 24302 | M24: 24367 | N24: 24433 | O24: 24500 | P24: 24566
A25: 90084 | B25: Capital | C25: 289184 | D25: 289249 | E25: 289315 | F25: 289381 | G25: 289443 | H25: 289503 | I25: 289559 | J25: 289613 | K25: 289667 | L25: 289722 | M25: 289777 | N25: 289834 | O25: 289890 | P25: 289947
A26: 90021 | B26: Chicligasta | C26: 46462 | D26: 46542 | E26: 46625 | F26: 46708 | G26: 46786 | H26: 46860 | I26: 46930 | J26: 46998 | K26: 47065 | L26: 47134 | M26: 47204 | N26: 47274 | O26: 47345 | P26: 47416
A27: 90014 | B27: Cruz Alta | C27: 115555 | D27: 116024 | E27: 116505 | F27: 116982 | G27: 117437 | H27: 117870 | I27: 118277 | J27: 118669 | K27: 119060 | L27: 119461 | M27: 119865 | N27: 120274 | O27: 120685 | P27: 121098
A28: 90028 | B28: Famaillá | C28: 21781 | D28: 21858 | E28: 21937 | F28: 22016 | G28: 22090 | H28: 22161 | I28: 22228 | J28: 22292 | K28: 22357 | L28: 22422 | M28: 22488 | N28: 22556 | O28: 22623 | P28: 22691
A29: 90035 | B29: Graneros | C29: 8122 | D29: 8133 | E29: 8143 | F29: 8154 | G29: 8164 | H29: 8173 | I29: 8182 | J29: 8191 | K29: 8199 | L29: 8208 | M29: 8217 | N29: 8226 | O29: 8235 | P29: 8244
A30: 90042 | B30: Juan Bautista Alberdi | C30: 17700 | D30: 17735 | E30: 17771 | F30: 17807 | G30: 17842 | H30: 17874 | I30: 17905 | J30: 17935 | K30: 17964 | L30: 17994 | M30: 18025 | N30: 18056 | O30: 18087 | P30: 18118
A31: 90049 | B31: La Cocha | C31: 10849 | D31: 10858 | E31: 10867 | F31: 10876 | G31: 10884 | H31: 10892 | I31: 10900 | J31: 10907 | K31: 10915 | L31: 10922 | M31: 10930 | N31: 10937 | O31: 10945 | P31: 10953
A32: 90056 | B32: Leales | C32: 34159 | D32: 34257 | E32: 34358 | F32: 34458 | G32: 34554 | H32: 34645 | I32: 34730 | J32: 34812 | K32: 34894 | L32: 34978 | M32: 35063 | N32: 35148 | O32: 35234 | P32: 35321
A33: 90063 | B33: Lules | C33: 47409 | D33: 47681 | E33: 47959 | F33: 48236 | G33: 48500 | H33: 48750 | I33: 48986 | J33: 49213 | K33: 49440 | L33: 49672 | M33: 49906 | N33: 50143 | O33: 50381 | P33: 50620
A34: 90070 | B34: Monteros | C34: 39185 | D34: 39310 | E34: 39438 | F34: 39564 | G34: 39685 | H34: 39800 | I34: 39908 | J34: 40012 | K34: 40116 | L34: 40223 | M34: 40330 | N34: 40438 | O34: 40547 | P34: 40657
... A40: 90119 | B40: Yerba Buena | C40: 51248 | D40: 51545 | E40: 51849 | F40: 52151 | G40: 52439 | H40: 52712 | I40: 52969 | J40: 53217 | K40: 53465 | L40: 53718 | M40: 53974 | N40: 54232 | O40: 54492 | P40: 54754
A42: Mujeres
A43: Código | B43: Departamento | C43: 2022 | D43: 2023 | E43: 2024 | F43: 2025 | G43: 2026 | H43: 2027 | I43: 2028 | J43: 2029 | K43: 2030 | L43: 2031 | M43: 2032 | N43: 2033 | O43: 2034 | P43: 2035
A44: 90007 | B44: Burruyacú | C44: 22531 | D44: 22618 | E44: 22708 | F44: 22802 | G44: 22890 | H44: 22973 | I44: 23051 | J44: 23127 | K44: 23201 | L44: 23276 | M44: 23351 | N44: 23426 | O44: 23501 | P44: 23576
A45: 90084 | B45: Capital | C45: 309905 | D45: 309918 | E45: 309933 | F45: 309948 | G45: 309962 | H45: 309975 | I45: 309987 | J45: 309999 | K45: 310011 | L45: 310023 | M45: 310035 | N45: 310047 | O45: 310059 | P45: 310071
A46: 90021 | B46: Chicligasta | C46: 47568 | D46: 47658 | E46: 47752 | F46: 47849 | G46: 47940 | H46: 48026 | I46: 48106 | J46: 48184 | K46: 48261 | L46: 48338 | M46: 48416 | N46: 48494 | O46: 48571 | P46: 48648
A47: 90014 | B47: Cruz Alta | C47: 116061 | D47: 116543 | E47: 117049 | F47: 117570 | G47: 118060 | H47: 118522 | I47: 118956 | J47: 119374 | K47: 119787 | L47: 120204 | M47: 120622 | N47: 121039 | O47: 121455 | P47: 121869
A48: 90028 | B48: Famaillá | C48: 21588 | D48: 21668 | E48: 21752 | F48: 21838 | G48: 21919 | H48: 21996 | I48: 22068 | J48: 22137 | K48: 22205 | L48: 22274 | M48: 22344 | N48: 22413 | O48: 22482 | P48: 22550
A49: 90035 | B49: Graneros | C49: 7667 | D49: 7685 | E49: 7703 | F49: 7723 | G49: 7741 | H49: 7758 | I49: 7774 | J49: 7789 | K49: 7804 | L49: 7819 | M49: 7835 | N49: 7850 | O49: 7866 | P49: 7881
A50: 90042 | B50: Juan Bautista Alberdi | C50: 17609 | D50: 17640 | E50: 17672 | F50: 17705 | G50: 17736 | H50: 17766 | I50: 17793 | J50: 17820 | K50: 17846 | L50: 17873 | M50: 17899 | N50: 17926 | O50: 17952 | P50: 17979
A51: 90049 | B51: La Cocha | C51: 10702 | D51: 10718 | E51: 10734 | F51: 10751 | G51: 10767 | H51: 10782 | I51: 10797 | J51: 10810 | K51: 10824 | L51: 10838 | M51: 10851 | N51: 10865 | O51: 10879 | P51: 10892
